code,country,country_code,acronym,name_fr,name_original,name,pol_position_primary_code,pol_position_primary_name,pol_position_secondary_code,pol_position_secondary_name,ep_name,ep_name_alt,ep2019_group_code,ep2019_group_name,ep2019_group_acronym,ep2014_group_code,ep2014_group_name,ep2014_group_acronym,ep_belgium_electoral_college
AUT-FPOE,Austria,AUT,FPOE,Parti de la Liberté,Freiheitliche Partei Österreichs,,EXD,Far right,DSV,Right nationalist,Freiheitliche Partei Österreichs,,ID,Identity and Democracy,IL,ENL,Europe of Nations and Freedom ,ENL,
AUT-GRUENE,Austria,AUT,GRUENE,Les Verts - L'Alternative verte,Die Grünen – Die Grüne Alternative,,ECO,Ecologist,,,Die Grünen - Die Grüne Alternative,,VERTS,Greens/European Free Alliance,Greens/EFA,VERTS,Greens/European Free Alliance,Greens/EFA,
AUT-JETZT,Austria,AUT,JETZT,Maintenant – liste Pilz,Jetzt – Liste Pilz,,GAU,Left,,,nc,,NC,Unknown,NC,NC,Unknown,NC,
AUT-MISC,Austria,AUT,MISC,Autres partis,,Others parties,NC,Unknown,,,,,NC,Unknown,NC,NC,Unknown,NC,
AUT-NEOS,Austria,AUT,NEOS,"NEOS, la nouvelle Autriche et le Forum libéral",NEOS – Das Neue Österreich,,LIB,Liberal,CEN,Center,NEOS – Das Neue Österreich,,RE,Renew Europe,RE,ADLE,Alliance of Liberals and Democrats for Europe,ALDE,
AUT-OEVP,Austria,AUT,OEVP,Parti populaire autrichien ,Österreichische Volkspartei,,DRO,Right,,,Österreichische Volkspartei,,PPE,European People's Party,EPP,PPE,European People's Party,EPP,
AUT-PILZ,Austria,AUT,PILZ,Liste Peter Pilz,,,ECO,Ecologist,GAU,Left,nc,,NI,Non-attached members,NI,NI,Non-attached members,NI,
AUT-SPOE,Austria,AUT,SPOE,Parti social-démocrate d'Autriche,Sozialdemokratische Partei Österreichs,,GAU,Left,,,Sozialdemokratische Partei Österreichs,,SED,Progressive Alliance of Socialists and Democrats,S&D,SED,Progressive Alliance of Socialists and Democrats,S&D,
AUT-TS,Austria,AUT,TS,Team Stronach ,,,DRO,Right,DSV,Right nationalist,nc,,NI,Non-attached members,NI,NI,Non-attached members,NI,
BEL-CDH,Belgium,BEL,CDH,Les Engagés,Les Engagés,,DRO,Right,,,Centre Démocrate Humaniste,Les Engagés,PPE,European People's Party,EPP,PPE,European People's Party,EPP,French-speaking
BEL-CDV,Belgium,BEL,CDV,CD&V (conservateurs flamands),Christen-Democratisch & Vlaams,,DRO,Right,,,Christen-Democratisch & Vlaams,,PPE,European People's Party,EPP,PPE,European People's Party,EPP,Dutch-speaking
BEL-CSP,Belgium,BEL,CSP,Parti chrétien-social,Christlich Soziale Partei,,DRO,Right,,,Christlich Soziale Partei,,PPE,European People's Party,EPP,PPE,European People's Party,EPP,
BEL-DEFI,Belgium,BEL,DEFI,Défi,,,CEN,Center,,,nc,,NI,Non-attached members,NI,NI,Non-attached members,NI,French-speaking
BEL-ECOLO,Belgium,BEL,ECOLO,Ecolo,Écologistes confédérés pour l’organisation de luttes originales,Ecolo,ECO,Ecologist,,,Ecologistes Confédérés pour l'Organisation de Luttes Originales,,VERTS,Greens/European Free Alliance,Greens/EFA,VERTS,Greens/European Free Alliance,Greens/EFA,French-speaking
BEL-GROEN,Belgium,BEL,GROEN,Groen,Groen,,ECO,Ecologist,,,Groen,,VERTS,Greens/European Free Alliance,Greens/EFA,VERTS,Greens/European Free Alliance,Greens/EFA,Dutch-speaking
BEL-MR,Belgium,BEL,MR,Mouvement Réformateur,Mouvement Réformateur,,CEN,Center,,,Mouvement Réformateur,,RE,Renew Europe,RE,ADLE,Alliance of Liberals and Democrats for Europe,ALDE,French-speaking
BEL-NVA,Belgium,BEL,NVA,Nouvelle alliance flamande,Nieuw-Vlaamse Alliantie,,DRO,Right,EXD,Far right,Nieuw-Vlaamse Alliantie,,CRE,European Conservatives and Reformists,CRE,CRE,European Conservatives and Reformists,CRE,Dutch-speaking
BEL-OPENVLD,Belgium,BEL,OPENVLD,Open-Vld,Open Vlaamse Liberalen en Democraten,,LIB,Liberal,CEN,Center,Open Vlaamse Liberalen en Democraten,,RE,Renew Europe,RE,ADLE,Alliance of Liberals and Democrats for Europe,ALDE,Dutch-speaking
BEL-PP,Belgium,BEL,PP,Parti populaire,Parti populaire,,EXD,Far right,DSV,Right nationalist,Parti populaire,,NI,Non-attached members,NI,NI,Non-attached members,NI,French-speaking
BEL-PS,Belgium,BEL,PS,Parti socialiste francophone,Parti socialiste,,GAU,Left,,,Parti Socialiste,,SED,Progressive Alliance of Socialists and Democrats,S&D,SED,Progressive Alliance of Socialists and Democrats,S&D,French-speaking
BEL-PTB,Belgium,BEL,PTB,Parti du travail de Belgique,,,EXG,Far left,,,Parti du Travail de Belgique,,GUE,European United Left – Nordic Green Left,GUE/NGL,GUE,European United Left – Nordic Green Left,GUE/NGL,French-speaking
BEL-PVDA,Belgium,BEL,PVDA,Parti du travail de Belgique,,,EXG,Far left,,,,,GUE,European United Left – Nordic Green Left,GUE/NGL,GUE,European United Left – Nordic Green Left,GUE/NGL,Dutch-speaking
BEL-PVDAPTB,Belgium,BEL,PVDAPTB,Parti du travail de Belgique,,,EXG,Far left,,,,,NI,Non-attached members,NI,NI,Non-attached members,NI,multiple
BEL-SPA,Belgium,BEL,SPA,Vooruit,Vooruit,,GAU,Left,,,Socialistische Partij.Anders,Vooruit,SED,Progressive Alliance of Socialists and Democrats,S&D,SED,Progressive Alliance of Socialists and Democrats,S&D,Dutch-speaking
BEL-VLAAMSBELANG,Belgium,BEL,VLAAMSBELANG,Vlaams Belang,Vlaams Belang,,EXD,Far right,DSV,Right nationalist,Vlaams Belang,,ID,Identity and Democracy,IL,ENL,Europe of Nations and Freedom ,ENL,Dutch-speaking
BGR-ABV,Bulgary,BGR,ABV,Alternative pour la renaissance bulgare,,,GAU,Left,,,nc,,NI,Non-attached members,NI,NI,Non-attached members,NI,
BGR-ATTACK,Bulgary,BGR,ATTACK,Union nationale Attaque,Nacionalno Obedinenie Atak,Attack,EXD,Far right,,,,,NC,Unknown,NC,NC,Unknown,NC,
BGR-BBT,Bulgary,BGR,BBT,Recharger la Bulgarie,,,EXD,Far right,,,nc,,CRE,European Conservatives and Reformists,CRE,CRE,European Conservatives and Reformists,CRE,
BGR-BMPO,Bulgary,BGR,BMPO,Mouvement national bulgare,,,EXD,Far right,DSV,Right nationalist,nc,,CRE,European Conservatives and Reformists,CRE,ELDD,Europe of Freedom and Direct Democracy,ELDD,
BGR-BSP,Bulgary,BGR,BSP,Parti socialiste bulgare,Bulgarian Socialist Party,,GAU,Left,,,Bulgarian Socialist Party,,SED,Progressive Alliance of Socialists and Democrats,S&D,SED,Progressive Alliance of Socialists and Democrats,S&D,
BGR-DAP,Bulgary,BGR,DAP,"Oui, Bulgarie !","Da, Balgariya!","Yes, Bulgaria!",LIB,Liberal,,,,,PPE,European People's Party,EPP,NC,Unknown,NC,
BGR-DB,Bulgary,BGR,DB,Bulgarie démocratique,Demokraticheska partia,,CEN,Center,DRO,Right,,,PPE,European People's Party,EPP,PPE,European People's Party,EPP,
BGR-DPS,Bulgary,BGR,DPS,Mouvement des droits et des libertés,,,CEN,Center,,,nc,,RE,Renew Europe,RE,ADLE,Alliance of Liberals and Democrats for Europe,ALDE,
BGR-DSB,Bulgary,BGR,DSB,Démocrates pour une Bulgarie forte,Democrats for Strong Bulgaria,,DRO,Right,,,Democrats for Strong Bulgaria,,PPE,European People's Party,EPP,PPE,European People's Party,EPP,
BGR-GERB,Bulgary,BGR,GERB,Citoyens pour le développement européen de la Bulgarie,Citizens for European Development of Bulgaria,,DRO,Right,,,Citizens for European Development of Bulgaria,,PPE,European People's Party,EPP,PPE,European People's Party,EPP,
BGR-ITN,Bulgary,BGR,ITN,Il y a un tel peuple,Ima takăv narod,There is Such a People,AUT,Others,,,,,CRE,European Conservatives and Reformists,CRE,NC,Unknown,NC,
BGR-MISC,Bulgary,BGR,MISC,Autres partis,,Others parties,NC,Unknown,,,,,NC,Unknown,NC,NC,Unknown,NC,
BGR-MRF,Bulgary,BGR,MRF,Mouvement des droits et des libertés,Movement for Rights and Freedoms,,AUT,Others,CEN,Center,Movement for Rights and Freedoms,,RE,Renew Europe,RE,ADLE,Alliance of Liberals and Democrats for Europe,ALDE,
BGR-NFSB,Bulgary,BGR,NFSB,Front national pour le salut de la Bulgarie,Natzionalen Front za Spasenie na Bulgaria,National Front for the Salvation of Bulgaria,DRO,Right,,,,,NI,Non-attached members,NI,ELDD,Europe of Freedom and Direct Democracy,ELDD,
BGR-PATRIOTS,Bulgary,BGR,PATRIOTS,Patriotes unis,,,EXD,Far right,,,nc,,NI,Non-attached members,NI,NI,Non-attached members,NI,
BGR-PP,Bulgary,BGR,PP,Nous continuons le changement,Prodalzhavame promyanata,We Continue the Change,CEN,Center,,,,,RE,Renew Europe,RE,,,,
BGR-RB,Bulgary,BGR,RB,Bloc réformateur,,,CEN,Center,,,nc,,RE,Renew Europe,RE,ADLE,Alliance of Liberals and Democrats for Europe,ALDE,
BGR-RBP,Bulgary,BGR,RBP,Relancer la Bulgarie,Reload Bulgaria Party,,EXD,Far right,,,Reload Bulgaria Party,,CRE,European Conservatives and Reformists,CRE,CRE,European Conservatives and Reformists,CRE,
BGR-SDS,Bulgary,BGR,SDS,Union des forces démocratiques,Sayuz na demokratichnite sili,Union of Democratic Forces,DRO,Right,,,Union of Democratic Forces,,PPE,European People's Party,EPP,,,,
BGR-V,Bulgary,BGR,V,Réveil,Vazrazhdane,Revival,EXD,Far right,,,,,ID,Identity and Democracy,IL,NC,Unknown,NC,
BGR-VMRO,Bulgary,BGR,VMRO,Mouvement national bulgare,Bălgarsko nacionalno dviženie,Bulgarian National Movement,EXD,Far right,,,VMRO,,CRE,European Conservatives and Reformists,CRE,CRE,European Conservatives and Reformists,CRE,
BGR-VOLYA,Bulgary,BGR,VOLYA,Pouvoirs,,,DRO,Right,DSV,Right nationalist,nc,,NI,Non-attached members,NI,NI,Non-attached members,NI,
BGR-YESBG,Bulgary,BGR,YESBG,"Oui, Bulgarie !",,,CEN,Center,,,nc,,NI,Non-attached members,NI,NI,Non-attached members,NI,
CYP-AKEL,Cyprus,CYP,AKEL,Parti progressiste des travailleurs,Progressive Party of Working People – Left – New Forces,,EXG,Far left,,,Progressive Party of Working People - Left - New Forces,,GUE,European United Left – Nordic Green Left,GUE/NGL,GUE,European United Left – Nordic Green Left,GUE/NGL,
CYP-ALIGN,Cyprus,CYP,ALIGN,Alignement démocratique,Δημοκρατική Παράταξη,Democratic alignment,NC,Unknown,,,,,NC,Unknown,NC,NC,Unknown,NC,
CYP-DIKO,Cyprus,CYP,DIKO,Parti démocrate,Democratic Party,,GAU,Left,,,Democratic Party,,SED,Progressive Alliance of Socialists and Democrats,S&D,SED,Progressive Alliance of Socialists and Democrats,S&D,
CYP-DIPA,Cyprus,CYP,DIPA,Front démocratique,Dimokratikí Parátaxi,Democratic Alignment,CEN,Center,,,,,RE,Renew Europe,RE,,,,
CYP-DISY,Cyprus,CYP,DISY,Rassemblement démocrate,Democratic Rally,,DRO,Right,,,Democratic Rally,,PPE,European People's Party,EPP,PPE,European People's Party,EPP,
CYP-EDEK,Cyprus,CYP,EDEK,Mouvement pour la démocratie sociale,Movement for Social Democracy EDEK,,GAU,Left,,,Movement for Social Democracy EDEK,,SED,Progressive Alliance of Socialists and Democrats,S&D,SED,Progressive Alliance of Socialists and Democrats,S&D,
CYP-ELAM,Cyprus,CYP,ELAM,Front populaire national,Ethniko Laiko Metopo ,National Popular Front,EXD,Far right,,,,,NI,Non-attached members,NI,NC,Unknown,NC,
CYP-EVROKO,Cyprus,CYP,EVROKO,Parti européen ,,,CEN,Center,,,nc,,NI,Non-attached members,NI,NI,Non-attached members,NI,
CYP-KA,Cyprus,CYP,KA,Mouvement solidarité,,,DRO,Right,,,nc,,CRE,European Conservatives and Reformists,CRE,CRE,European Conservatives and Reformists,CRE,
CYP-KOSP,Cyprus,CYP,KOSP,Mouvement écologiste – Coopération citoyenne,,,ECO,Ecologist,,,nc,,VERTS,Greens/European Free Alliance,Greens/EFA,VERTS,Greens/European Free Alliance,Greens/EFA,
CYP-MISC,Cyprus,CYP,MISC,Autres partis,,Others parties,NC,Unknown,,,,,NC,Unknown,NC,NC,Unknown,NC,
CYP-SYPOL,Cyprus,CYP,SYPOL,L’Alliance des citoyens,,,CEN,Center,,,nc,,RE,Renew Europe,RE,ADLE,Alliance of Liberals and Democrats for Europe,ALDE,
CZE-ANO,Czech Republic,CZE,ANO,Oui 2011,ANO 2011,,CEN,Center,DRO,Right,ANO 2011,,RE,Renew Europe,RE,ADLE,Alliance of Liberals and Democrats for Europe,ALDE,
CZE-CSSD,Czech Republic,CZE,CSSD,Parti social-démocrate tchèque,Česká strana sociálně demokratická,,GAU,Left,,,Česká strana sociálně demokratická,,SED,Progressive Alliance of Socialists and Democrats,S&D,SED,Progressive Alliance of Socialists and Democrats,S&D,
CZE-CZSTAN,Czech Republic,CZE,CZSTAN,Maires et Indépendants,Starostové a nezávisli,,DRO,Right,CEN,Center,Starostové a nezávisli,,PPE,European People's Party,EPP,PPE,European People's Party,EPP,
CZE-IND,Czech Republic,CZE,IND,Indépendants,Indépendants,Independents,NC,Unknown,,,Independent,,NC,Unknown,NC,NC,Unknown,NC,
CZE-KDU,Czech Republic,CZE,KDU,Union chrétienne démocrate - Parti populaire tchécoslovaque,Křesťanská a demokratická unie – Československá strana lidová,,DRO,Right,,,Křesťanská a demokratická unie - Československá strana lidová,,PPE,European People's Party,EPP,PPE,European People's Party,EPP,
CZE-KDUCSL,Czech Republic,CZE,KDUCSL,Union chrétienne démocrate – Parti populaire tchécoslovaque,Křesťanská a demokratická unie – Československá strana lidová,Christian and Democratic Union – Czechoslovak People's Party,DRO,Right,,,,,PPE,European People's Party,EPP,NC,Unknown,NC,
CZE-KSCM,Czech Republic,CZE,KSCM,Parti communiste de Bohême et Moravie,Komunistická strana Čech a Moravy,,EXG,Far left,DSV,Right nationalist,Komunistická strana Čech a Moravy,,GUE,European United Left – Nordic Green Left,GUE/NGL,GUE,European United Left – Nordic Green Left,GUE/NGL,
CZE-ODS,Czech Republic,CZE,ODS,Parti démocrate civique,Občanská demokratická strana,,DRO,Right,DSV,Right nationalist,Občanská demokratická strana,,CRE,European Conservatives and Reformists,CRE,CRE,European Conservatives and Reformists,CRE,
CZE-PIRATI,Czech Republic,CZE,PIRATI,Parti pirate tchèque,Česká Pirátská Strana,,AUT,Others,GAU,Left,PIRÁTI,,VERTS,Greens/European Free Alliance,Greens/EFA,VERTS,Greens/European Free Alliance,Greens/EFA,
CZE-SPD,Czech Republic,CZE,SPD,Liberté et Démocratie directe,Svoboda a přímá demokracie,,EXD,Far right,,,Svoboda a přímá demokracie,,ID,Identity and Democracy,IL,ENL,Europe of Nations and Freedom ,ENL,
CZE-STAN,Czech Republic,CZE,STAN,Maires et indépendants,Starostové a nezávislí,Mayors and Independents,DRO,Right,CEN,Center,,,PPE,European People's Party,EPP,PPE,European People's Party,EPP,
CZE-SVOBODNI,Czech Republic,CZE,SVOBODNI,Parti des citoyens libres,Strana svobodných občanů,,LIB,Liberal,DSV,Right nationalist,Strana svobodných občanů,,NI,Non-attached members,NI,ELDD,Europe of Freedom and Direct Democracy,ELDD,
CZE-SZ,Czech Republic,CZE,SZ,Parti vert,,,ECO,Ecologist,,,nc,,VERTS,Greens/European Free Alliance,Greens/EFA,VERTS,Greens/European Free Alliance,Greens/EFA,
CZE-TOP09,Czech Republic,CZE,TOP09,"Tradition, responsabilité, prospérité",Tradice Odpovědnost Prosperita,Tradition Responsibility Prosperity,DRO,Right,,,,,PPE,European People's Party,EPP,PPE,European People's Party,EPP,
CZE-TOP09STAN,Czech Republic,CZE,TOP09STAN,Alliance Top 09 et Stan,TOP09 + STAN,,DRO,Right,,,,,PPE,European People's Party,EPP,PPE,European People's Party,EPP,
CZE-TOP9,Czech Republic,CZE,TOP9,"Tradition, responsabilité, prospérité",TOP 09 a Starostové,,DRO,Right,,,TOP 09 a Starostové,,PPE,European People's Party,EPP,PPE,European People's Party,EPP,
CZE-ZELENI,Czech Republic,CZE,ZELENI,Green Party,Strana zelených),Green Party,AUT,Others,,,,,VERTS,Greens/European Free Alliance,Greens/EFA,VERTS,Greens/European Free Alliance,Greens/EFA,
DEU-AFD,Germany,DEU,AFD,Alternative pour l’Allemagne,Alternative für Deutschland,,EXD,Far right,DSV,Right nationalist,Alternative für Deutschland,,ID,Identity and Democracy,IL,ENL,Europe of Nations and Freedom ,ENL,
DEU-BC,Germany,DEU,BC,Alliance C,Bündnis C,,DRO,Right,,,Bündnis C,,CRE,European Conservatives and Reformists,CRE,CRE,European Conservatives and Reformists,CRE,
DEU-BD,Germany,DEU,BD,Alliance Allemagne,Bündnis Deutschland,Alliance Germany,DRO,Right,,,Bündnis Deutschland,,CRE,European Conservatives and Reformists,CRE,,,,
DEU-BSW,Germany,DEU,BSW,"Alliance Sahra Wagenknecht – Pour la raison et la justice
",Bündnis Sahra Wagenknecht – Für Vernunft und Gerechtigkeit,Alliance Sahra Wagenknecht – Reason and Justice,AUT,Others,,,,,GUE,European United Left – Nordic Green Left,GUE/NGL,,,,
DEU-CDU,Germany,DEU,CDU,Union chrétienne-démocrate,Christlich Demokratische Union Deutschlands,,DRO,Right,,,Christlich Demokratische Union Deutschlands,,PPE,European People's Party,EPP,PPE,European People's Party,EPP,
DEU-CSU,Germany,DEU,CSU,Union chrétienne-sociale,Christlich-Soziale Union in Bayern,,DRO,Right,,,Christlich-Soziale Union in Bayern e.V.,,PPE,European People's Party,EPP,PPE,European People's Party,EPP,
DEU-DBP,Germany,DEU,DBP,Le Parti bleu,Die blaue Partei,,EXD,Far right,,,Die blaue Partei,,ID,Identity and Democracy,IL,ENL,Europe of Nations and Freedom ,ENL,
DEU-FAMI,Germany,DEU,FAMI,Parti allemand de la famille,Familien-Partei Deutschlands,Family Party of Germany,DRO,Right,,,Familien-Partei Deutschlands,,CRE,European Conservatives and Reformists,CRE,,,,
DEU-FAMILI,Germany,DEU,FAMILI,Parti de la famille,Familien Partie Deutschland,Family Party,DRO,Right,,,,,CRE,European Conservatives and Reformists,CRE,CRE,European Conservatives and Reformists,CRE,
DEU-FDP,Germany,DEU,FDP,Parti libéral démocrate,Freie Demokratische Partei,,LIB,Liberal,,,Freie Demokratische Partei,,RE,Renew Europe,RE,ADLE,Alliance of Liberals and Democrats for Europe,ALDE,
DEU-FW,Germany,DEU,FW,Electeurs libres,Freie Wähler,,NC,Unknown,,,Freie Wähler,,RE,Renew Europe,RE,ADLE,Alliance of Liberals and Democrats for Europe,ALDE,
DEU-GRUENE,Germany,DEU,GRUENE,Alliance 90 / Les Verts,Bündnis 90/Die Grünen,,ECO,Ecologist,,,Bündnis 90/Die Grünen,,VERTS,Greens/European Free Alliance,Greens/EFA,VERTS,Greens/European Free Alliance,Greens/EFA,
DEU-IND,Germany,DEU,IND,Indépendants,Independent,,NC,Unknown,,,Independent,,GUE,European United Left – Nordic Green Left,GUE/NGL,GUE,European United Left – Nordic Green Left,GUE/NGL,
DEU-LINKE,Germany,DEU,LINKE,Die Linke,Die Linke,,EXG,Far left,,,DIE LINKE.,,GUE,European United Left – Nordic Green Left,GUE/NGL,GUE,European United Left – Nordic Green Left,GUE/NGL,
DEU-LKR,Germany,DEU,LKR,Parti réformateur libéral-conservateur,Liberal-Konservative Reformer,,DRO,Right,LIB,Liberal,Liberal-Konservative Reformer,,CRE,European Conservatives and Reformists,CRE,CRE,European Conservatives and Reformists,CRE,
DEU-MISC,Germany,DEU,MISC,Autres partis,,Others parties,NC,Unknown,,,,,NC,Unknown,NC,NC,Unknown,NC,
DEU-NPD,Germany,DEU,NPD,Parti national-démocrate d'Allemagne,Nationaldemokratische Partei Deutschlands,,EXD,Far right,,,Nationaldemokratische Partei Deutschlands,,NI,Non-attached members,NI,NI,Non-attached members,NI,
DEU-ODP,Germany,DEU,ODP,Parti écologiste-démocrate,Ökologisch-Demokratische Partei,,ECO,Ecologist,DRO,Right,Ökologisch-Demokratische Partei,,VERTS,Greens/European Free Alliance,Greens/EFA,VERTS,Greens/European Free Alliance,Greens/EFA,
DEU-PARTEI,Germany,DEU,PARTEI,Le PARTI,Die PARTEI,,NC,Unknown,,,Die PARTEI,,NI,Non-attached members,NI,NI,Non-attached members,NI,
DEU-PIRATEN,Germany,DEU,PIRATEN,Parti des pirates,Piratenpartei Deutschland,,ECO,Ecologist,,,Piratenpartei Deutschland,,VERTS,Greens/European Free Alliance,Greens/EFA,VERTS,Greens/European Free Alliance,Greens/EFA,
DEU-SPD,Germany,DEU,SPD,Parti social-démocrate,Sozialdemokratische Partei Deutschlands,,GAU,Left,,,Sozialdemokratische Partei Deutschlands,,SED,Progressive Alliance of Socialists and Democrats,S&D,SED,Progressive Alliance of Socialists and Democrats,S&D,
DEU-TIER,Germany,DEU,TIER,Parti de protection des animaux,Tierschutzpartei,Human Environment Animal Protection,AUT,Others,,,Partei Mensch Umwelt Tierschutz,,GUE,European United Left – Nordic Green Left,GUE/NGL,GUE,European United Left – Nordic Green Left,GUE/NGL,
DEU-UNION,Germany,DEU,UNION,Chrétiens démocrates,,,DRO,Right,,,nc,,PPE,European People's Party,EPP,PPE,European People's Party,EPP,
DEU-VOLT,Germany,DEU,VOLT,Volt,Volt,Volt,AUT,Others,,,Volt,,VERTS,Greens/European Free Alliance,Greens/EFA,NC,Unknown,NC,
DEU-Z,Germany,DEU,Z,Parti du centre,Centre Party,Zentrum,CEN,Center,DRO,Right,Zentrum,,NI,Non-attached members,NI,,,,
DNK-A,Denmark,DNK,A,Sociaux-démocrates,Socialdemokratiet,,GAU,Left,,,Socialdemokratiet,,SED,Progressive Alliance of Socialists and Democrats,S&D,SED,Progressive Alliance of Socialists and Democrats,S&D,
DNK-ALT,Denmark,DNK,ALT,L’Alternative,,,ECO,Ecologist,AUT,Others,nc,,NI,Non-attached members,NI,NI,Non-attached members,NI,
DNK-B,Denmark,DNK,B,Parti social-libéral danois,Det Radikale Venstre,,CEN,Center,LIB,Liberal,Det Radikale Venstre,,RE,Renew Europe,RE,ADLE,Alliance of Liberals and Democrats for Europe,ALDE,
DNK-C,Denmark,DNK,C,Parti populaire conservateur,Det Konservative Folkeparti,,DRO,Right,,,Det Konservative Folkeparti,,PPE,European People's Party,EPP,PPE,European People's Party,EPP,
DNK-D,Denmark,DNK,D,La nouvelle droite,,,EXD,Far right,,,nc,,NI,Non-attached members,NI,NI,Non-attached members,NI,
DNK-DD,Denmark,DNK,DD,Démocrates danois,Danmarksdemokraterne,Denmark Democrats,EXD,Far right,,,,,NI,Non-attached members,NI,NC,Unknown,NC,
DNK-E,Denmark,DNK,E,Le parti de Klaus Riskær Pedersen,Klaus Riskær Pedersen,Klaus Riskær Pedersen’s Party,CEN,Center,DRO,Right,,,NC,Unknown,NC,NC,Unknown,NC,
DNK-EL,Denmark,DNK,EL,L’Alliance rouge-verte,Enhedslisten – De Rød-Grønne,Red-Green Alliance,EXG,Far left,,,Enhedslisten,,GUE,European United Left – Nordic Green Left,GUE/NGL,,,,
DNK-F,Denmark,DNK,F,Parti populaire socialiste,Socialistisk Folkeparti,,GAU,Left,ECO,Ecologist,Socialistisk Folkeparti,,VERTS,Greens/European Free Alliance,Greens/EFA,VERTS,Greens/European Free Alliance,Greens/EFA,
DNK-FM,Denmark,DNK,FM,Mouvement populaire contre l'Union européenne,Folkebevægelsen mod EU,,EXG,Far left,,,Folkebevægelsen mod EU,,GUE,European United Left – Nordic Green Left,GUE/NGL,GUE,European United Left – Nordic Green Left,GUE/NGL,
DNK-I,Denmark,DNK,I,Alliance libérale,,,LIB,Liberal,,,nc,,PPE,European People's Party,EPP,NC,Unknown,NC,
DNK-K,Denmark,DNK,K,Chrétiens démocrates,,,DRO,Right,,,nc,,PPE,European People's Party,EPP,PPE,European People's Party,EPP,
DNK-M,Denmark,DNK,M,Modérés,Moderaterne,Moderates,CEN,Center,,,MODERATERNE,,RE,Renew Europe,RE,,,,
DNK-N,Denmark,DNK,N,Mouvement des peuples contre l’UE,Folkebevægelsen mod EU,People's Movement against the EU,AUT,Others,,,,,GUE,European United Left – Nordic Green Left,GUE/NGL,GUE,European United Left – Nordic Green Left,GUE/NGL,
DNK-O,Denmark,DNK,O,Parti populaire danois,Dansk Folkeparti,,EXD,Far right,DSV,Right nationalist,Dansk Folkeparti,,ID,Identity and Democracy,IL,ENL,Europe of Nations and Freedom ,ENL,
DNK-RG,Denmark,DNK,RG,Liste de l’unité,,,EXG,Far left,DSV,Right nationalist,nc,,GUE,European United Left – Nordic Green Left,GUE/NGL,GUE,European United Left – Nordic Green Left,GUE/NGL,
DNK-V,Denmark,DNK,V,Parti libéral du Danemark,"Venstre, Danmarks Liberale Parti",,LIB,Liberal,CEN,Center,"Venstre, Danmarks Liberale Parti",,RE,Renew Europe,RE,ADLE,Alliance of Liberals and Democrats for Europe,ALDE,
ESP-AGG,Spain,ESP,AGG,Alternative galicienne de gauche,Alternativa galega de esquerda en Europa,,EXG,Far left,,,Alternativa galega de esquerda en Europa,,GUE,European United Left – Nordic Green Left,GUE/NGL,GUE,European United Left – Nordic Green Left,GUE/NGL,
ESP-ANTI,Spain,ESP,ANTI,Anticapitalistes,Anticapitalistas,Anticapitalists,EXG,Far left,,,ANTICAPITALISTAS,,GUE,European United Left – Nordic Green Left,GUE/NGL,NC,Unknown,NC,
ESP-AR,Spain,ESP,AR,La République maintenant,Ahora Repúblicas,Republics Now,AUT,Others,,,,,VERTS,Greens/European Free Alliance,Greens/EFA,VERTS,Greens/European Free Alliance,Greens/EFA,
ESP-BNG,Spain,ESP,BNG,Bloc nationaliste galicien,Bloque Nacionalista Galego,,GAU,Left,,,Bloque Nacionalista Galego,,VERTS,Greens/European Free Alliance,Greens/EFA,VERTS,Greens/European Free Alliance,Greens/EFA,
ESP-CATCOMU,Spain,ESP,CATCOMU,La Catalogne en commun,Catalunya en Comú,Catalonia in Common,GAU,Left,,,Catalunya en Comú,,VERTS,Greens/European Free Alliance,Greens/EFA,,,,
ESP-CC,Spain,ESP,CC,[Parti inconnu],nc,,NC,Unknown,,,nc,,NC,Unknown,NC,NC,Unknown,NC,
ESP-CEU,Spain,ESP,CEU,Coalition pour l’Europe,Coalición por Europa,Coalition for Europe,AUT,Others,,,,,RE,Renew Europe,RE,ADLE,Alliance of Liberals and Democrats for Europe,ALDE,
ESP-COAL,Spain,ESP,COAL,"Coalition UP, IU, La Catalogne en commune et Barcelone en commun","UP, IU, Catalunya en Comú, Barcelona en Comú",,EXG,Far left,ECO,Ecologist,,,NC,Unknown,NC,NC,Unknown,NC,
ESP-COALCAT,Spain,ESP,COALCAT,Coalition PdCat et JXCat,"PdCat, JXCat",,AUT,Others,,,,,NC,Unknown,NC,NC,Unknown,NC,
ESP-COALEAJ,Spain,ESP,COALEAJ,"Coalition EAJ-PNV, CC, CxG, Atarrabia Taldea, El Pi, Demòcrates Valencians","EAJ-PNV, CC, CxG, Atarrabia Taldea, El Pi, Demòcrates Valencians",,AUT,Others,,,,,RE,Renew Europe,RE,ADLE,Alliance of Liberals and Democrats for Europe,ALDE,
ESP-COALERC,Spain,ESP,COALERC,"Coalition ERC, Bildu et BNG","ERC, Bildu, BNG",,ECO,Ecologist,,,,,NC,Unknown,NC,VERTS,Greens/European Free Alliance,Greens/EFA,
ESP-CS,Spain,ESP,CS,Ciudadanos,Ciudadanos – Partido de la Ciudadanía,,CEN,Center,LIB,Liberal,Ciudadanos – Partido de la Ciudadanía,,RE,Renew Europe,RE,ADLE,Alliance of Liberals and Democrats for Europe,ALDE,
ESP-DCS,Spain,ESP,DCS,Délégation européenne Ciudadanos,Delegación Ciudadanos Europeos,European delegation Ciudadanos,CEN,Center,,,Delegación Ciudadanos Europeos,,RE,Renew Europe,RE,,,,
ESP-EHBILDU,Spain,ESP,EHBILDU,Réunir le Pays basque,Euskal Herria Bildu,,GAU,Left,,,EH BILDU,,NC,Unknown,NC,NC,Unknown,NC,
ESP-EQUO,Spain,ESP,EQUO,Equo,EQUO,,ECO,Ecologist,GAU,Left,EQUO,,VERTS,Greens/European Free Alliance,Greens/EFA,VERTS,Greens/European Free Alliance,Greens/EFA,
ESP-ERC,Spain,ESP,ERC,Gauche républicaine de Catalogne,Esquerra Republicana de Catalunya,,GAU,Left,AUT,Others,Esquerra Republicana de Catalunya,,VERTS,Greens/European Free Alliance,Greens/EFA,VERTS,Greens/European Free Alliance,Greens/EFA,
ESP-ICV,Spain,ESP,ICV,Initiative pour la Catalogne Verts,Iniciativa per Catalunya Verds,,ECO,Ecologist,,,Iniciativa per Catalunya Verds,,VERTS,Greens/European Free Alliance,Greens/EFA,VERTS,Greens/European Free Alliance,Greens/EFA,
ESP-IND,Spain,ESP,IND,Indépendants,Independiente,,NC,Unknown,,,Independiente,,RE,Renew Europe,RE,ADLE,Alliance of Liberals and Democrats for Europe,ALDE,
ESP-IU,Spain,ESP,IU,Gauche unie,Izquierda Unida,,EXG,Far left,,,Izquierda Unida,,GUE,European United Left – Nordic Green Left,GUE/NGL,GUE,European United Left – Nordic Green Left,GUE/NGL,
ESP-IX,Spain,ESP,IX,Gauche unie des Asturies,Izquierda Xunida,,EXG,Far left,,,Izquierda Xunida,,GUE,European United Left – Nordic Green Left,GUE/NGL,GUE,European United Left – Nordic Green Left,GUE/NGL,
ESP-JC_LE,Spain,ESP,JC_LE,Ensemble pour la Catalogne – Libres pour l’Europe,Junts per Catalunya – Lliures per Europa,Together for Catalonia – Free for Europe,AUT,Others,,,Junts per Catalunya - Lliures per Europa,,NI,Non-attached members,NI,NC,Unknown,NC,
ESP-JUNTSXCAT,Spain,ESP,JUNTSXCAT,Ensemble pour la Catalogne,Junts per Catalunya,Together for Catalonia,AUT,Others,,,,,NI,Non-attached members,NI,NC,Unknown,NC,
ESP-MES,Spain,ESP,MES,Plus d'engagement,Més-Compromís,More–Commitment,GAU,Left,,,,,VERTS,Greens/European Free Alliance,Greens/EFA,NI,Non-attached members,NI,
ESP-PACMA,Spain,ESP,PACMA,Parti animaliste contre la maltraitance animale,,,AUT,Others,,,nc,,NI,Non-attached members,NI,NI,Non-attached members,NI,
ESP-PDECAT,Spain,ESP,PDECAT,Parti démocrate européen catalan,Partit Demòcrata Europeu i Català,,LIB,Liberal,AUT,Others,Partit Demòcrata Europeu i Català,,RE,Renew Europe,RE,ADLE,Alliance of Liberals and Democrats for Europe,ALDE,
ESP-PE,Spain,ESP,PE,Printemps européens,Primavera Europea,European Spring,GAU,Left,,,,,VERTS,Greens/European Free Alliance,Greens/EFA,VERTS,Greens/European Free Alliance,Greens/EFA,
ESP-PNV,Spain,ESP,PNV,Parti nationaliste basque,Partido Nacionalista Vasco,,CEN,Center,AUT,Others,Partido Nacionalista Vasco,,RE,Renew Europe,RE,ADLE,Alliance of Liberals and Democrats for Europe,ALDE,
ESP-PNVEAJ,Spain,ESP,PNVEAJ,Parti national basque,Euzkadi Buru Batzarra,Basque National Party,CEN,Center,DRO,Right,,,RE,Renew Europe,RE,ADLE,Alliance of Liberals and Democrats for Europe,ALDE,
ESP-PODEMOS,Spain,ESP,PODEMOS,Podemos,PODEMOS,,GAU,Left,EXG,Far left,PODEMOS,,GUE,European United Left – Nordic Green Left,GUE/NGL,GUE,European United Left – Nordic Green Left,GUE/NGL,
ESP-PP,Spain,ESP,PP,Parti populaire,Partido Popular,,DRO,Right,,,Partido Popular,,PPE,European People's Party,EPP,PPE,European People's Party,EPP,
ESP-PSC,Spain,ESP,PSC,Parti des socialistes de Catalogne,Partit dels Socialistes de Catalunya,,GAU,Left,,,Partit dels Socialistes de Catalunya,,SED,Progressive Alliance of Socialists and Democrats,S&D,SED,Progressive Alliance of Socialists and Democrats,S&D,
ESP-PSOE,Spain,ESP,PSOE,Parti socialiste ouvrier espagnol,Partido Socialista Obrero Español,,GAU,Left,,,Partido Socialista Obrero Español,,SED,Progressive Alliance of Socialists and Democrats,S&D,SED,Progressive Alliance of Socialists and Democrats,S&D,
ESP-SMR,Spain,ESP,SMR,Sumar,Sumar,Sumar,GAU,Left,,,,,NC,Unknown,NC,NC,Unknown,NC,
ESP-UPYD,Spain,ESP,UPYD,"Union, progrès et démocratie","Unión, Progreso y Democracia",,LIB,Liberal,CEN,Center,"Unión, Progreso y Democracia",,RE,Renew Europe,RE,ADLE,Alliance of Liberals and Democrats for Europe,ALDE,
ESP-VOX,Spain,ESP,VOX,Vox,,,EXD,Far right,DSV,Right nationalist,VOX,,CRE,European Conservatives and Reformists,CRE,NI,Non-attached members,NI,
EST-E200,Estonia,EST,E200,Estonie 200,Eesti 200,,CEN,Center,,,Eesti Konservatiivne Rahvaerakond,,NC,Unknown,NC,NC,Unknown,NC,
EST-EKRE,Estonia,EST,EKRE,Parti populaire conservateur ,,,EXD,Far right,,,nc,,ID,Identity and Democracy,IL,ENL,Europe of Nations and Freedom ,ENL,
EST-EVA,Estonia,EST,EVA,Parti libre estonien,,,DRO,Right,,,nc,,NI,Non-attached members,NI,NI,Non-attached members,NI,
EST-GREEN,Estonia,EST,GREEN,Verts estoniens,,,ECO,Ecologist,,,nc,,VERTS,Greens/European Free Alliance,Greens/EFA,VERTS,Greens/European Free Alliance,Greens/EFA,
EST-IND,Estonia,EST,IND,[Parti inconnu],Sõltumatu,,NC,Unknown,,,Sõltumatu,,VERTS,Greens/European Free Alliance,Greens/EFA,VERTS,Greens/European Free Alliance,Greens/EFA,
EST-IRL,Estonia,EST,IRL,Union Pro Patria et Res Publica,Isamaa,,DRO,Right,,,Isamaa,,PPE,European People's Party,EPP,PPE,European People's Party,EPP,
EST-KESK,Estonia,EST,KESK,Parti du Centre,Eesti Keskerakond,,LIB,Liberal,,,Eesti Keskerakond,,RE,Renew Europe,RE,ADLE,Alliance of Liberals and Democrats for Europe,ALDE,
EST-REF,Estonia,EST,REF,Parti réformateur,Eesti Reformierakond,,LIB,Liberal,CEN,Center,Eesti Reformierakond,,RE,Renew Europe,RE,ADLE,Alliance of Liberals and Democrats for Europe,ALDE,
EST-SDE,Estonia,EST,SDE,Parti social-démocrate,Sotsiaaldemokraatlik Erakond,,GAU,Left,,,Sotsiaaldemokraatlik Erakond,,SED,Progressive Alliance of Socialists and Democrats,S&D,SED,Progressive Alliance of Socialists and Democrats,S&D,
FIN-KD,Finland,FIN,KD,Chrétiens démocrates,,,DRO,Right,,,nc,,PPE,European People's Party,EPP,PPE,European People's Party,EPP,
FIN-KESK,Finland,FIN,KESK,Parti du Centre,Suomen Keskusta,,LIB,Liberal,LIB,Liberal,Suomen Keskusta,,RE,Renew Europe,RE,ADLE,Alliance of Liberals and Democrats for Europe,ALDE,
FIN-KOK,Finland,FIN,KOK,Parti de la coalition nationale,Kansallinen Kokoomus,,DRO,Right,,,Kansallinen Kokoomus,,PPE,European People's Party,EPP,PPE,European People's Party,EPP,
FIN-PS,Finland,FIN,PS,Vrais finlandais,Perussuomalaiset,,EXD,Far right,DSV,Right nationalist,Perussuomalaiset,,CRE,European Conservatives and Reformists,CRE,ENL,Europe of Nations and Freedom ,ENL,
FIN-SDP,Finland,FIN,SDP,Parti social-démocrate de Finlande,Suomen Sosialidemokraattinen Puolue/Finlands Socialdemokratiska Parti,,GAU,Left,,,Suomen Sosialidemokraattinen Puolue/Finlands Socialdemokratiska Parti,,SED,Progressive Alliance of Socialists and Democrats,S&D,SED,Progressive Alliance of Socialists and Democrats,S&D,
FIN-SFP,Finland,FIN,SFP,Parti populaire suédois de Finlande,Svenska folkpartiet,,CEN,Center,LIB,Liberal,Svenska folkpartiet,,RE,Renew Europe,RE,ADLE,Alliance of Liberals and Democrats for Europe,ALDE,
FIN-SIN,Finland,FIN,SIN,La réforme bleue,,,DRO,Right,LIB,Liberal,nc,,CRE,European Conservatives and Reformists,CRE,CRE,European Conservatives and Reformists,CRE,
FIN-VAS,Finland,FIN,VAS,Alliance de gauche,Vasemmistoliitto,,EXG,Far left,,,Vasemmistoliitto,,GUE,European United Left – Nordic Green Left,GUE/NGL,GUE,European United Left – Nordic Green Left,GUE/NGL,
FIN-VIHR,Finland,FIN,VIHR,Ligue verte,Vihreä liitto,,ECO,Ecologist,GAU,Left,Vihreä liitto,,VERTS,Greens/European Free Alliance,Greens/EFA,VERTS,Greens/European Free Alliance,Greens/EFA,
FRA-AEI,France,FRA,AEI,Alliance Écologiste Indépendante,Alliance Écologiste Indépendante,Independent Ecological Alliance,ECO,Ecologist,,,Alliance Écologiste Indépendante,,VERTS,Greens/European Free Alliance,Greens/EFA,,,,
FRA-AGIR,France,FRA,AGIR,Agir,Agir,,LIB,Liberal,,,Agir - La Droite constructive,,RE,Renew Europe,RE,,,,
FRA-AVEN,France,FRA,AVEN,L'Avenir français,L'Avenir français,French Future,EXD,Far right,,,,,ID,Identity and Democracy,IL,,,,
FRA-CENTR,France,FRA,CENTR,Les Centristes,Les centristes,The Center,DRO,Right,CEN,Center,Les centristes,,PPE,European People's Party,EPP,,,,
FRA-DLF,France,FRA,DLF,Debout la France,Debout la France,,EXD,Far right,,,Debout la France,,CRE,European Conservatives and Reformists,CRE,CRE,European Conservatives and Reformists,CRE,
FRA-DONN,France,FRA,DONN,Nouvelle Donne,Nouvelle Donne,New Deal,GAU,Left,,,Nouvelle Donne,,SED,Progressive Alliance of Socialists and Democrats,S&D,,,,
FRA-EC,France,FRA,EC,En commun,En commun,In Common,CEN,Center,GAU,Left,,,RE,Renew Europe,RE,,,,
FRA-EELV,France,FRA,EELV,Les Écologistes,The Ecologists,,ECO,Ecologist,GAU,Left,Europe Écologie,,VERTS,Greens/European Free Alliance,Greens/EFA,VERTS,Greens/European Free Alliance,Greens/EFA,
FRA-FI,France,FRA,FI,La France insoumise,La France insoumise,,EXG,Far left,,,La France Insoumise,,GUE,European United Left – Nordic Green Left,GUE/NGL,GUE,European United Left – Nordic Green Left,GUE/NGL,
FRA-FN,France,FRA,FN,Rassemblement national,Rassemblement national,,EXD,Far right,,,Rassemblement national,,ID,Identity and Democracy,IL,ENL,Europe of Nations and Freedom ,ENL,
FRA-FP,France,FRA,FP,Fédération progressiste,Fédération progressiste,Fédération progressiste,CEN,Center,GAU,Left,,,RE,Renew Europe,RE,,,,
FRA-GC,France,FRA,GC,Génération citoyens,Génération citoyens,,CEN,Center,LIB,Liberal,Génération Citoyens,,RE,Renew Europe,RE,ADLE,Alliance of Liberals and Democrats for Europe,ALDE,
FRA-GRS,France,FRA,GRS,Gauche républicaine et socialiste,Gauche républicaine et socialiste,Gauche républicaine et socialiste,GAU,Left,,,Gauche républicaine et socialiste,,GUE,European United Left – Nordic Green Left,GUE/NGL,,,,
FRA-GS,France,FRA,GS,Génération.s,Génération.s,,GAU,Left,,,"Génération.s, le mouvement",,SED,Progressive Alliance of Socialists and Democrats,S&D,SED,Progressive Alliance of Socialists and Democrats,S&D,
FRA-HOR,France,FRA,HOR,Horizons,Horizons,Horizons,LIB,Liberal,DRO,Right,Horizons,,RE,Renew Europe,RE,,,,
FRA-IND,France,FRA,IND,Indépendants,Indépendants,,NC,Unknown,,,Indépendant,,PPE,European People's Party,EPP,PPE,European People's Party,EPP,
FRA-LFL,France,FRA,LFL,Les Français libres,Les Français libres,,EXD,Far right,,,Les Français Libres,,NI,Non-attached members,NI,ELDD,Europe of Freedom and Direct Democracy,ELDD,
FRA-LO,France,FRA,LO,Lutte ouvrière,Lutte ouvrière,,EXG,Far left,,,nc,,NC,Unknown,NC,NC,Unknown,NC,
FRA-LP,France,FRA,LP,Les Patriotes,Les Patriotes,,EXD,Far right,,,Les Patriotes,,NI,Non-attached members,NI,ELDD,Europe of Freedom and Direct Democracy,ELDD,
FRA-LR,France,FRA,LR,Les Républicains,Les Républicains,,DRO,Right,,,Les Républicains,,PPE,European People's Party,EPP,PPE,European People's Party,EPP,
FRA-LRC,France,FRA,LRC,Les Républicains calédoniens,Les Républicains calédoniens,Les Républicains calédoniens,DRO,Right,,,,,,,,,,,
FRA-LREM,France,FRA,LREM,La République en marche / Modem ,La République en marche / Modem ,,CEN,Center,LIB,Liberal,La République en marche,,RE,Renew Europe,RE,ADLE,Alliance of Liberals and Democrats for Europe,ALDE,
FRA-MODEM,France,FRA,MODEM,Modem,Modem,,CEN,Center,,,Mouvement Démocrate,,RE,Renew Europe,RE,ADLE,Alliance of Liberals and Democrats for Europe,ALDE,
FRA-MR,France,FRA,MR,Mouvement radical,Mouvement radical,,CEN,Center,,,Mouvement Radical,,RE,Renew Europe,RE,ADLE,Alliance of Liberals and Democrats for Europe,ALDE,
FRA-MRSL,France,FRA,MRSL,Mouvement radical social-libéral,Mouvement radical social-libéral,,CEN,Center,,,Mouvement Radical Social-Libéral,,RE,Renew Europe,RE,ADLE,Alliance of Liberals and Democrats for Europe,ALDE,
FRA-NPA,France,FRA,NPA,Nouveau parti anticapitaliste,Nouveau parti anticapitaliste,,EXG,Far left,DSV,Right nationalist,nc,,NI,Non-attached members,NI,NI,Non-attached members,NI,
FRA-PCF,France,FRA,PCF,Parti communiste,Parti communiste,,EXG,Far left,,,Front de Gauche,,GUE,European United Left – Nordic Green Left,GUE/NGL,GUE,European United Left – Nordic Green Left,GUE/NGL,
FRA-PR,France,FRA,PR,Parti radical,Parti radical,Radical party,CEN,Center,GAU,Left,Parti radical,,RE,Renew Europe,RE,,,,
FRA-PRG,France,FRA,PRG,Radicaux de gauche,Radicaux de gauche,,GAU,Left,,,Les radicaux de Gauche,,SED,Progressive Alliance of Socialists and Democrats,S&D,SED,Progressive Alliance of Socialists and Democrats,S&D,
FRA-PS,France,FRA,PS,Parti socialiste,Parti socialiste,Parti socialiste,GAU,Left,,,Parti socialiste,,SED,Progressive Alliance of Socialists and Democrats,S&D,SED,Progressive Alliance of Socialists and Democrats,S&D,
FRA-PUBLI,France,FRA,PUBLI,Place publique,Place publique,Place publique,GAU,Left,,,Place publique,,SED,Progressive Alliance of Socialists and Democrats,S&D,,,,
FRA-RBM,France,FRA,RBM,Rassemblement bleu marine,Rassemblement bleu marine,,EXD,Far right,,,Rassemblement bleu Marine,,ID,Identity and Democracy,IL,ENL,Europe of Nations and Freedom ,ENL,
FRA-RECON,France,FRA,RECON,Reconquête !,Reconquête !,Reconquête,EXD,Far right,,,Reconquête!,,NI,Non-attached members,NI,NC,Unknown,NC,
FRA-REN,France,FRA,REN,Renaissance,Renaissance,Renew,CEN,Center,,,Renaissance,Liste Renaissance,RE,Renew Europe,RE,,,,
FRA-RN,France,FRA,RN,Rassemblement national,Rassemblement national,,EXD,Far right,,,Front national,,ID,Identity and Democracy,IL,ENL,Europe of Nations and Freedom ,ENL,
FRA-RPS,France,FRA,RPS,Régions et peuples solidaires,Regions and Peoples with Solidarity,,AUT,Others,,,Régions et Peuples Solidaires,,VERTS,Greens/European Free Alliance,Greens/EFA,,,,
FRA-SE,France,FRA,SE,Sans étiquette,Sans étiquette,,NC,Unknown,,,Sans étiquette,,NI,Non-attached members,NI,ELDD,Europe of Freedom and Direct Democracy,ELDD,
FRA-TDP,France,FRA,TDP,Territoire de progrès,Territoire de progrès,Territories of Progress,CEN,Center,GAU,Left,,,RE,Renew Europe,RE,,,,
FRA-UDI,France,FRA,UDI,Union des démocrates et indépendants,Union des démocrates et indépendants,,CEN,Center,DRO,Right,Union des Démocrates et Indépendants,,RE,Renew Europe,RE,ADLE,Alliance of Liberals and Democrats for Europe,ALDE,
FRA-UPO,France,FRA,UPO,L’Union pour les outremer,L’Union pour les outremer,,EXG,Far left,,,L'union pour les Outremer,,GUE,European United Left – Nordic Green Left,GUE/NGL,GUE,European United Left – Nordic Green Left,GUE/NGL,
FRA-UPR,France,FRA,UPR,Union populaire républicaine,Union populaire républicaine,,EXD,Far right,,,nc,,NI,Non-attached members,NI,NI,Non-attached members,NI,
GBR-APNI,United Kingdom,GBR,APNI,Parti Alliance,Alliance Party,,AUT,Others,,,Alliance Party of Northern Ireland,,RE,Renew Europe,RE,NC,Unknown,NC,
GBR-BP,United Kingdom,GBR,BP,Parti du Brexit,Brexit Party,Brexit Party,AUT,Others,,,The Brexit Party,,NI,Non-attached members,NI,ELDD,Europe of Freedom and Direct Democracy,ELDD,
GBR-CHUK,United Kingdom,GBR,CHUK,Changer le Royaume-Uni,Change UK,Change UK,CEN,Center,,,,,NC,Unknown,NC,NC,Unknown,NC,
GBR-CON,United Kingdom,GBR,CON,Conservative and Unionist Party,Parti conservateur,Conservative and Unionist Party,DRO,Right,,,,,CRE,European Conservatives and Reformists,CRE,CRE,European Conservatives and Reformists,CRE,
GBR-DUP,United Kingdom,GBR,DUP,Parti unioniste démocrate,Democratic Unionist Party,Democratic Unionist Party,DRO,Right,,,Democratic Unionist Party,,NI,Non-attached members,NI,NI,Non-attached members,NI,
GBR-GREEN,United Kingdom,GBR,GREEN,Parti vert,Green Party,Green Party,ECO,Ecologist,,,Green Party,,VERTS,Greens/European Free Alliance,Greens/EFA,VERTS,Greens/European Free Alliance,Greens/EFA,
GBR-IND,United Kingdom,GBR,IND,Indépendants,Independent,Independent,AUT,Others,,,Independent,,NI,Non-attached members,NI,,,,
GBR-LAB,United Kingdom,GBR,LAB,Parti travailliste,Labour Party,Labour Party,GAU,Left,,,,,SED,Progressive Alliance of Socialists and Democrats,S&D,SED,Progressive Alliance of Socialists and Democrats,S&D,
GBR-LABOR,United Kingdom,GBR,LABOR,Parti travailliste,Labour Party,Labour Party,GAU,Left,,,Labour Party,,SED,Progressive Alliance of Socialists and Democrats,S&D,SED,Progressive Alliance of Socialists and Democrats,S&D,
GBR-LIBDEM,United Kingdom,GBR,LIBDEM,Parti libéral démocrate,Liberal Democrats,Liberal Democrats,LIB,Liberal,CEN,Center,Liberal Democrats,,RE,Renew Europe,RE,ADLE,Alliance of Liberals and Democrats for Europe,ALDE,
GBR-LIBERT,United Kingdom,GBR,LIBERT,Parti libertarien,Libertarian Party,Libertarian Party,DRO,Right,,,Libertarian Party,,NI,Non-attached members,NI,ELDD,Europe of Freedom and Direct Democracy,ELDD,
GBR-NC,United Kingdom,GBR,NC,Indéterminé,,,NC,Unknown,,,-,,NI,Non-attached members,NI,NI,Non-attached members,NI,
GBR-OTHERS-NI,United Kingdom,GBR,OTHERS-NI,Partis d'Irlande du Nord,,,NC,Unknown,,,,,NI,Non-attached members,NI,NI,Non-attached members,NI,
GBR-PC,United Kingdom,GBR,PC,Plaid Cymru,Plaid Cymru – Party of Wales,Plaid Cymru – Party of Wales,GAU,Left,,,Plaid Cymru - Party of Wales,,VERTS,Greens/European Free Alliance,Greens/EFA,VERTS,Greens/European Free Alliance,Greens/EFA,
GBR-PLPW,United Kingdom,GBR,PLPW,Plaid Cymru,Plaid Cymru – Party of Wales,Plaid Cymru – Party of Wales,GAU,Left,CEN,Center,,,VERTS,Greens/European Free Alliance,Greens/EFA,VERTS,Greens/European Free Alliance,Greens/EFA,
GBR-SDLP,United Kingdom,GBR,SDLP,Parti social-démocrate et travailliste,Social Democratic and Labour Party,Social Democratic and Labour Party,GAU,Left,,,,,SED,Progressive Alliance of Socialists and Democrats,S&D,SED,Progressive Alliance of Socialists and Democrats,S&D,
GBR-SF,United Kingdom,GBR,SF,Sinn Fein,Sinn Fein,Sinn Fein,GAU,Left,,,Sinn Fein,,GUE,European United Left – Nordic Green Left,GUE/NGL,GUE,European United Left – Nordic Green Left,GUE/NGL,
GBR-SNP,United Kingdom,GBR,SNP,Parti national écossais,Scottish National Party,Scottish National Party,GAU,Left,CEN,Center,Scottish National Party,,VERTS,Greens/European Free Alliance,Greens/EFA,VERTS,Greens/European Free Alliance,Greens/EFA,
GBR-THI,United Kingdom,GBR,THI,Indépendants de Thurrock,Thurrock Independents,Thurrock Independents,DRO,Right,,,Thurrock Independents,,NI,Non-attached members,NI,ELDD,Europe of Freedom and Direct Democracy,ELDD,
GBR-TORY,United Kingdom,GBR,TORY,Parti conservateur,Conservative Party,Conservative Party,CEN,Center,,,Conservative Party,,CRE,European Conservatives and Reformists,CRE,CRE,European Conservatives and Reformists,CRE,
GBR-UKIP,United Kingdom,GBR,UKIP,Parti pour l'indépendance du Royaume-Uni,United Kingdom Independence Party,United Kingdom Independence Party,DRO,Right,,,United Kingdom Independence Party,,ID,Identity and Democracy,IL,ENL,Europe of Nations and Freedom ,ENL,
GBR-UUP,United Kingdom,GBR,UUP,Parti unioniste d'Ulster,Ulster Unionist Party,Ulster Unionist Party,DRO,Right,,,Ulster Unionist Party,,CRE,European Conservatives and Reformists,CRE,CRE,European Conservatives and Reformists,CRE,
GRC-ANEL,Greece,GRC,ANEL,Grecs indépendants,,,DRO,Unknown,,,nc,,NC,Unknown,NC,NC,Unknown,NC,
GRC-AR,Greece,GRC,AR,La Voie alternative,Greece-The Alternative Road,,NC,Unknown,,,Greece-The Alternative Road,,CRE,European Conservatives and Reformists,CRE,CRE,European Conservatives and Reformists,CRE,
GRC-DISIKA,Greece,GRC,DISIKA,Mouvement des socialistes démocrates,,,GAU,Left,,,nc,,NI,Non-attached members,NI,NI,Non-attached members,NI,
GRC-EK,Greece,GRC,EK,Union des centristes,,,CEN,Center,,,nc,,RE,Renew Europe,RE,ADLE,Alliance of Liberals and Democrats for Europe,ALDE,
GRC-EL,Greece,GRC,EL,La Solution grecque,Ellinikí Lýsi,Greek Solution,EXD,#REF!,,,,,CRE,European Conservatives and Reformists,CRE,NC,Unknown,NC,
GRC-ELLN,Greece,GRC,ELLN,Solution grecque,Ellinikí Lýsi,Greek Solution,EXD,Far right,,,Elliniki Lusi-Greek Solution,,CRE,European Conservatives and Reformists,CRE,,,,
GRC-GRXA,Greece,GRC,GRXA,Mouvement pour le changement ,,,GAU,Left,,,nc,,SED,Progressive Alliance of Socialists and Democrats,S&D,SED,Progressive Alliance of Socialists and Democrats,S&D,
GRC-IND,Greece,GRC,IND,Indépendants,Independent,Independent,AUT,Others,,,Independent,,NC,Unknown,NC,,,,
GRC-KA,Greece,GRC,KA,Aube dorée,Popular Association – Golden Dawn,,EXD,Far right,,,Popular Association – Golden Dawn,,NI,Non-attached members,NI,NI,Non-attached members,NI,
GRC-KINAL,Greece,GRC,KINAL,Coalition de la gauche radicale,KINAL/ΚΙΝΑΛ,Coalition of the Radical Left,EXG,Far left,,,,,SED,Progressive Alliance of Socialists and Democrats,S&D,GUE,European United Left – Nordic Green Left,GUE/NGL,
GRC-KKE,Greece,GRC,KKE,Parti communiste de Grèce,Communist Party of Greece,,EXG,Far left,DSV,Right nationalist,Communist Party of Greece,,NI,Non-attached members,NI,NI,Non-attached members,NI,
GRC-LAE,Greece,GRC,LAE,Unité populaire ,Popular Unity,,EXG,Far left,,,Popular Unity,,GUE,European United Left – Nordic Green Left,GUE/NGL,GUE,European United Left – Nordic Green Left,GUE/NGL,
GRC-MERA25,Greece,GRC,MERA25,Front de réelle désobéissance européenne à l’horizon 2025,Μέτωπο Ευρωπαϊκής Ρεαλιστικής Ανυπακοής,European Realistic Disobedience Front ,EXG,Far left,,,,,NC,Unknown,NC,NC,Unknown,NC,
GRC-NA,Greece,GRC,NA,Nouvelle gauche,Néa Aristerá,New Left,EXG,Far left,,,,,GUE,European United Left – Nordic Green Left,GUE/NGL,NC,Unknown,NC,
GRC-ND,Greece,GRC,ND,Nouvelle démocratie,Nea Demokratia,,DRO,Right,,,Nea Demokratia,,PPE,European People's Party,EPP,PPE,European People's Party,EPP,
GRC-NIKH,Greece,GRC,NIKH,Mouvement démocrate patriote – Victoire,Dimokratikó Patriotikó Kínima “Níki”,Democratic Patriotic Movement “Victory”,EXD,Far right,,,,,NC,Unknown,NC,NC,Unknown,NC,
GRC-PASOK,Greece,GRC,PASOK,Parti socialiste grec,Panhellenic Socialist Movement – Olive Tree,,GAU,Left,,,Panhellenic Socialist Movement - Olive Tree,,SED,Progressive Alliance of Socialists and Democrats,S&D,SED,Progressive Alliance of Socialists and Democrats,S&D,
GRC-PASOK-KINAL,Greece,GRC,PASOK-KINAL,Alliance PASOK-KINAL,,PASOK-KINAL Alliance,GAU,Left,,,PASOK-KINAL,,SED,Progressive Alliance of Socialists and Democrats,S&D,,,,
GRC-PATRIE,Greece,GRC,PATRIE,Union patriotique radicale,Patriotic Radical Union (PAT.RI.E.),,EXD,Far right,,,Patriotic Radical Union (PAT.RI.E.),,NI,Non-attached members,NI,NI,Non-attached members,NI,
GRC-PE,Greece,GRC,PE,[Parti inconnu],,,NC,Unknown,,,nc,,NI,Non-attached members,NI,NI,Non-attached members,NI,
GRC-PE,Greece,GRC,PE,"Cap sur la liberté
",Plefsi Eleftherias,Course of Freedom,EXG,Far left,,,,,NC,Unknown,NC,,,,
GRC-POTAMI,Greece,GRC,POTAMI,La rivière,The River,,CEN,Center,LIB,Liberal,The River,,SED,Progressive Alliance of Socialists and Democrats,S&D,SED,Progressive Alliance of Socialists and Democrats,S&D,
GRC-SYRIZA,Greece,GRC,SYRIZA,Syriza,Coalition of the Radical Left,Syriza,GAU,Left,,,Coalition of the Radical Left,,GUE,European United Left – Nordic Green Left,GUE/NGL,GUE,European United Left – Nordic Green Left,GUE/NGL,
HRV-AMS,Croatia,HRV,AMS,Amsterdamska koalicija,Amsterdamska koalicija,Coalition d’Amsterdam,CEN,Center,,,,,RE,Renew Europe,RE,ADLE,Alliance of Liberals and Democrats for Europe,ALDE,
HRV-BM365,Croatia,HRV,BM365,Bandić Milan 365,,,CEN,Center,GAU,Left,nc,,NI,Non-attached members,NI,NI,Non-attached members,NI,
HRV-DPMS,Croatia,HRV,DPMS,Mouvement patriotique de Miroslav Škoro,Domovinski pokret Miroslava Škore,Miroslav Škoro Homeland Movement,EXD,Far right,,,,,CRE,European Conservatives and Reformists,CRE,NC,Unknown,NC,
HRV-GLAS,Croatia,HRV,GLAS,Alliance civique libérale,Građansko-liberalni savez,,LIB,Liberal,GAU,Left,Građansko-liberalni savez,,RE,Renew Europe,RE,ADLE,Alliance of Liberals and Democrats for Europe,ALDE,
HRV-HDZ,Croatia,HRV,HDZ,Union démocratique croate,Hrvatska demokratska zajednica,,DRO,Right,,,Hrvatska demokratska zajednica,,PPE,European People's Party,EPP,PPE,European People's Party,EPP,
HRV-HKS,Croatia,HRV,HKS,Parti conservateur croate,Hrvatska konzervativna stranka,,DRO,Right,,,Hrvatska konzervativna stranka,,CRE,European Conservatives and Reformists,CRE,CRE,European Conservatives and Reformists,CRE,
HRV-HNS,Croatia,HRV,HNS,Parti populaire croate - Démocrates libéraux,,,CEN,Center,,,nc,,RE,Renew Europe,RE,ADLE,Alliance of Liberals and Democrats for Europe,ALDE,
HRV-HS,Croatia,HRV,HS,Souverainistes croates,Hrvatski suverenisti,Croatian Sovereignists,DRO,Right,,,Hrvatski suverenisti,,CRE,European Conservatives and Reformists,CRE,,,,
HRV-HSS,Croatia,HRV,HSS,Parti paysan croate,,,DRO,Right,,,nc,,PPE,European People's Party,EPP,PPE,European People's Party,EPP,
HRV-IDS,Croatia,HRV,IDS,Diète démocratique istrienne,Istarski demokratski sabor – Dieta democratica istriana,,CEN,Center,,,Istarski demokratski sabor - Dieta democratica istriana,,RE,Renew Europe,RE,ADLE,Alliance of Liberals and Democrats for Europe,ALDE,
HRV-IND,Croatia,HRV,IND,Indépendants,Independent,Independent,AUT,Others,,,Independent,,NC,Unknown,NC,,,,
HRV-KH,Croatia,HRV,KH,La Clé de la Croatie,Ključ Hrvatske,The Key of Croatia,AUT,Others,,,KLJUČ Hrvatske,,NI,Non-attached members,NI,,,,
HRV-M,Croatia,HRV,M,Nous pouvons !,Možemo!,We can!,ECO,Ecologist,GAU,Left,,,VERTS,Greens/European Free Alliance,Greens/EFA,NC,Unknown,NC,
HRV-MOST,Croatia,HRV,MOST,Le Pont,,,DRO,Right,LIB,Liberal,nc,,CRE,European Conservatives and Reformists,CRE,NI,Non-attached members,NI,
HRV-NHR,Croatia,HRV,NHR,Les indépendants pour la Croatie,Neovisni za Hrvatsku,,EXD,Far right,,,nc,,NC,Unknown,NC,NC,Unknown,NC,
HRV-NLMK,Croatia,HRV,NLMK,Liste de Mislav Kolakusic,Mislav Kolakušić,,NC,Unknown,,,,,NC,Unknown,NC,NC,Unknown,NC,
HRV-NLMP,Croatia,HRV,NLMP,Liste de Marijana Petir,Marijana Petir,,NC,Unknown,,,,,NC,Unknown,NC,NC,Unknown,NC,
HRV-NSR,Croatia,HRV,NSR,[Parti inconnu],,,NC,Unknown,,,nc,,NC,Unknown,NC,NC,Unknown,NC,
HRV-ORAH,Croatia,HRV,ORAH,Développement durable de la Croatie,Održivi razvoj Hrvatske,Sustainable Development of Croatia,ECO,Ecologist,,,,,VERTS,Greens/European Free Alliance,Greens/EFA,VERTS,Greens/European Free Alliance,Greens/EFA,
HRV-P,Croatia,HRV,P,Pametno,,,CEN,Center,LIB,Liberal,nc,,RE,Renew Europe,RE,ADLE,Alliance of Liberals and Democrats for Europe,ALDE,
HRV-PAMETNO,Croatia,HRV,PAMETNO,Pametno,Pametno,Pametno,CEN,Center,,,,,RE,Renew Europe,RE,ADLE,Alliance of Liberals and Democrats for Europe,ALDE,
HRV-SDP,Croatia,HRV,SDP,Parti social-démocrate,Socijaldemokratska partija Hrvatske,,GAU,Left,,,Socijaldemokratska partija Hrvatske,,SED,Progressive Alliance of Socialists and Democrats,S&D,SED,Progressive Alliance of Socialists and Democrats,S&D,
HRV-SDSS,Croatia,HRV,SDSS,Parti démocratique indépendant serbe,Samostalna demokratska srpska stranka,Independent Democratic Serb Party,GAU,Left,,,,,SED,Progressive Alliance of Socialists and Democrats,S&D,SED,Progressive Alliance of Socialists and Democrats,S&D,
HRV-START,Croatia,HRV,START,Start,Start,Start,NC,Unknown,,,,,NC,Unknown,NC,NC,Unknown,NC,
HRV-ZZ,Croatia,HRV,ZZ,Bouclier humain,Živi zid,Human Shield,AUT,Others,AUT,Others,Živi Zid,,NC,Unknown,NC,ELDD,Europe of Freedom and Direct Democracy,ELDD,
HUN-DK,Hungary,HUN,DK,Coalition démocratique,Demokratikus Koalíció,,GAU,Left,,,Demokratikus Koalíció,,SED,Progressive Alliance of Socialists and Democrats,S&D,SED,Progressive Alliance of Socialists and Democrats,S&D,
HUN-EGYUETT,Hungary,HUN,EGYUETT,Ensemble,,,CEN,Center,,,nc,,NI,Non-attached members,NI,NI,Non-attached members,NI,
HUN-EK,Hungary,HUN,EK,Communauté d'opportunités,Esély Közösség,Opportunity Community,AUT,Others,,,Esély Közösség,,SED,Progressive Alliance of Socialists and Democrats,S&D,,,,
HUN-EPM,Hungary,HUN,EPM,Ensemble,Együtt 2014 – Párbeszéd Magyarországért,,GAU,Left,,,Együtt 2014 - Párbeszéd Magyarországért,,VERTS,Greens/European Free Alliance,Greens/EFA,VERTS,Greens/European Free Alliance,Greens/EFA,
HUN-FID,Hungary,HUN,FID,Fidesz,Fidesz-Magyar Polgári Szövetség,Fidesz,EXD,Far right,,,Fidesz-Magyar Polgári Szövetség-Kereszténydemokrata Néppárt,,NI,Non-attached members,NI,PPE,European People's Party,EPP,
HUN-JOBBIK,Hungary,HUN,JOBBIK,Jobbik,Jobbik Magyarországért Mozgalom,,EXD,Far right,DSV,Right nationalist,Jobbik Magyarországért Mozgalom,Jobbik – Konzervatívok,NI,Non-attached members,NI,NI,Non-attached members,NI,
HUN-KN,Hungary,HUN,KN,Parti populaire démocrate-chrétien,Kereszténydemokrata Néppárt,,DRO,Right,,,Kereszténydemokrata Néppárt,,PPE,European People's Party,EPP,PPE,European People's Party,EPP,
HUN-LMP,Hungary,HUN,LMP,La politique peut être différente,Lehet Más A Politika,,ECO,Ecologist,,,Lehet Más A Politika,,VERTS,Greens/European Free Alliance,Greens/EFA,VERTS,Greens/European Free Alliance,Greens/EFA,
HUN-MH,Hungary,HUN,MH,Mouvement Notre Patrie,,,EXD,Far right,DSV,Right nationalist,nc,,NI,Non-attached members,NI,NI,Non-attached members,NI,
HUN-MKKP,Hungary,HUN,MKKP,Parti hongrois du chien à deux queues,Magyar Kétfarkú Kutya Párt,,AUT,Others,,,nc,,VERTS,Greens/European Free Alliance,Greens/EFA,NI,Non-attached members,NI,
HUN-MM,Hungary,HUN,MM,Momentum,,,CEN,Center,LIB,Liberal,Momentum,,RE,Renew Europe,RE,ADLE,Alliance of Liberals and Democrats for Europe,ALDE,
HUN-MSZP,Hungary,HUN,MSZP,Parti socialiste hongrois,Magyar Szocialista Párt,,GAU,Left,,,Magyar Szocialista Párt,,SED,Progressive Alliance of Socialists and Democrats,S&D,SED,Progressive Alliance of Socialists and Democrats,S&D,
IRL-FF,Ireland,IRL,FF,Fianna Fail,Fianna Fáil Party,,CEN,Center,DRO,Right,Fianna Fáil Party,,RE,Renew Europe,RE,ADLE,Alliance of Liberals and Democrats for Europe,ALDE,
IRL-FG,Ireland,IRL,FG,Fine Gael,Fine Gael Party,,DRO,Right,,,Fine Gael Party,,PPE,European People's Party,EPP,PPE,European People's Party,EPP,
IRL-GP,Ireland,IRL,GP,Parti vert,,,ECO,Ecologist,,,Green Party,,VERTS,Greens/European Free Alliance,Greens/EFA,VERTS,Greens/European Free Alliance,Greens/EFA,
IRL-IA,Ireland,IRL,IA,Alliance indépendante,,,AUT,Others,,,nc,,NI,Non-attached members,NI,NI,Non-attached members,NI,
IRL-IE_IND,Ireland,IRL,IE_IND,Indépendants et autres,Independents and others,Independents and others,NC,Unknown,,,Independent,,GUE,European United Left – Nordic Green Left,GUE/NGL,NC,Unknown,NC,
IRL-IND,Ireland,IRL,IND,Indépendants,Independents,Independents,AUT,Others,,,,,NC,Unknown,NC,NC,Unknown,NC,
IRL-INDCHG,Ireland,IRL,INDCHG,Indépendants pour le changement,Independents for change,Independents for change,AUT,Others,,,Independents for change,,GUE,European United Left – Nordic Green Left,GUE/NGL,,,,
IRL-LAB,Ireland,IRL,LAB,Parti travailliste,,,GAU,Left,,,nc,,SED,Progressive Alliance of Socialists and Democrats,S&D,SED,Progressive Alliance of Socialists and Democrats,S&D,
IRL-MISC,Ireland,IRL,MISC,Autres partis,,Others parties,NC,Unknown,,,,,NC,Unknown,NC,NC,Unknown,NC,
IRL-RI,Ireland,IRL,RI,[Parti inconnu],,,NC,Unknown,,,nc,,NI,Non-attached members,NI,NI,Non-attached members,NI,
IRL-SD,Ireland,IRL,SD,Sociaux-démocrates,,,GAU,Left,,,nc,,SED,Progressive Alliance of Socialists and Democrats,S&D,NI,Non-attached members,NI,
IRL-SF,Ireland,IRL,SF,Sinn Féin,Sinn Féin,,EXG,Far left,,,Sinn Féin,,GUE,European United Left – Nordic Green Left,GUE/NGL,GUE,European United Left – Nordic Green Left,GUE/NGL,
IRL-SPBP,Ireland,IRL,SPBP,Solidarité - PBP,,,EXG,Far left,,,nc,,GUE,European United Left – Nordic Green Left,GUE/NGL,GUE,European United Left – Nordic Green Left,GUE/NGL,
ITA-AIV,Italy,ITA,AIV,Action – Italia Viva,Azione – Italia Viva,Action – Italia Viva,CEN,Center,,,,,RE,Renew Europe,RE,,,,
ITA-AP,Italy,ITA,AP,Alternative populaire,Alternativa Popolare,,DRO,Right,,,Alternativa Popolare,,PPE,European People's Party,EPP,PPE,European People's Party,EPP,
ITA-AZI,Italy,ITA,AZI,Action,Azione,Action,GAU,Left,,,Azione,,RE,Renew Europe,RE,NC,Unknown,NC,
ITA-CER,Italy,ITA,CER,Conservateurs et réformistes,Conservatori e Riformisti,,DRO,Right,,,Conservatori e Riformisti,,CRE,European Conservatives and Reformists,CRE,CRE,European Conservatives and Reformists,CRE,
ITA-CP,Italy,ITA,CP,Coalition populaire,Coalizione Popolare,Popular Coalition,AUT,Others,,,,,NC,Unknown,NC,NC,Unknown,NC,
ITA-DC,Italy,ITA,DC,Démocratie chrétienne,Democrazia Cristiana,Christian Democracy,DRO,Right,,,Democrazia Cristiana,,NI,Non-attached members,NI,,,,
ITA-E,Italy,ITA,E,Plus d’Europe,,,CEN,Center,LIB,Liberal,nc,,NI,Non-attached members,NI,NI,Non-attached members,NI,
ITA-EV,Italy,ITA,EV,L’Europe verte,Europa Verde,Green Europe,ECO,Ecologist,,,,,VERTS,Greens/European Free Alliance,Greens/EFA,VERTS,Greens/European Free Alliance,Greens/EFA,
ITA-FDI,Italy,ITA,FDI,Frères d’Italie ,Fratelli d'Italia,Brothers of Italy,EXD,Far right,,,Fratelli d'Italia,FRATELLI D' ITALIA,CRE,European Conservatives and Reformists,CRE,CRE,European Conservatives and Reformists,CRE,
ITA-FDV,Italy,ITA,FDV,Fédération des verts,Federazione dei Verdi,Federation of the Greens,ECO,Ecologist,,,,,VERTS,Greens/European Free Alliance,Greens/EFA,VERTS,Greens/European Free Alliance,Greens/EFA,
ITA-FI,Italy,ITA,FI,Forza Italia,Forza Italia,,DRO,Right,,,Forza Italia,,PPE,European People's Party,EPP,PPE,European People's Party,EPP,
ITA-FIPDLFI,Italy,ITA,FIPDLFI,Forza Italia,,,DRO,Right,,,nc,,PPE,European People's Party,EPP,PPE,European People's Party,EPP,
ITA-I,Italy,ITA,I,[Parti inconnu],,,NC,Unknown,,,nc,,NI,Non-attached members,NI,NI,Non-attached members,NI,
ITA-IDV,Italy,ITA,IDV,L’Italie des Valeurs,,,CEN,Center,GAU,Left,nc,,RE,Renew Europe,RE,ADLE,Alliance of Liberals and Democrats for Europe,ALDE,
ITA-IND,Italy,ITA,IND,Indépendants,Independent,Independent,AUT,Others,,,Independent,,NC,Unknown,NC,,,,
ITA-LADESTRA,Italy,ITA,LADESTRA,La Droite,,,DRO,Right,DSV,Right nationalist,nc,,NI,Non-attached members,NI,NI,Non-attached members,NI,
ITA-LEU,Italy,ITA,LEU,Libres et égaux,,,GAU,Left,,,nc,,SED,Progressive Alliance of Socialists and Democrats,S&D,SED,Progressive Alliance of Socialists and Democrats,S&D,
ITA-LN,Italy,ITA,LN,La Ligue,Lega,,EXD,Far right,DSV,Right nationalist,Lega,Lega Nord,ID,Identity and Democracy,IL,ENL,Europe of Nations and Freedom ,ENL,
ITA-LS,Italy,ITA,LS,La Gauche,La Sinistra,The Left,EXG,Far left,,,,,GUE,European United Left – Nordic Green Left,GUE/NGL,GUE,European United Left – Nordic Green Left,GUE/NGL,
ITA-M5S,Italy,ITA,M5S,Mouvement 5 étoiles,Movimento 5 Stelle,,AUT,Others,DSV,Right nationalist,Movimento 5 Stelle,,NI,Non-attached members,NI,ELDD,Europe of Freedom and Direct Democracy,ELDD,
ITA-MDP,Italy,ITA,MDP,Article 1 - Mouvement démocrate et progressiste,Articolo UNO – Movimento Democratico e Progressista,,GAU,Left,,,Articolo UNO – Movimento Democratico e Progressista,,SED,Progressive Alliance of Socialists and Democrats,S&D,SED,Progressive Alliance of Socialists and Democrats,S&D,
ITA-NCDUDC,Italy,ITA,NCDUDC,[Parti inconnu],,,NC,Unknown,,,nc,,NI,Non-attached members,NI,NI,Non-attached members,NI,
ITA-NCI,Italy,ITA,NCI,[Parti inconnu],,,NC,Unknown,,,nc,,NI,Non-attached members,NI,NI,Non-attached members,NI,
ITA-NM,Italy,ITA,NM,"Nous, modérés",Noi moderati,Us Moderates,CEN,Center,DRO,Right,,,NC,Unknown,NC,NC,Unknown,NC,
ITA-PAP,Italy,ITA,PAP,Pouvoir au peuple,Potere al Popolo,Power to the People,EXG,Far left,,,,,GUE,European United Left – Nordic Green Left,GUE/NGL,GUE,European United Left – Nordic Green Left,GUE/NGL,
ITA-PD,Italy,ITA,PD,Parti démocrate,Partito Democratico,,GAU,Left,CEN,Center,Partito Democratico,,SED,Progressive Alliance of Socialists and Democrats,S&D,SED,Progressive Alliance of Socialists and Democrats,S&D,
ITA-SE,Italy,ITA,SE,Nous sommes européenns,Siamo Europei,We are Europeans,GAU,Left,,,Siamo Europei,,SED,Progressive Alliance of Socialists and Democrats,S&D,,,,
ITA-SI,Italy,ITA,SI,La Gauche italienne,Sinistra Italiana,,GAU,Left,ECO,Ecologist,Sinistra Italiana,,GUE,European United Left – Nordic Green Left,GUE/NGL,GUE,European United Left – Nordic Green Left,GUE/NGL,
ITA-SUD,Italy,ITA,SUD,Le Sud dans la tête,Sud in Testa,South in the Head,AUT,Others,,,Sud in Testa,,NI,Non-attached members,NI,NC,Unknown,NC,
ITA-SV,Italy,ITA,SV,Parti populaire sud-tyrolien,Südtiroler Volkspartei,,DRO,Right,,,Südtiroler Volkspartei,,PPE,European People's Party,EPP,PPE,European People's Party,EPP,
ITA-TSI,Italy,ITA,TSI,L'autre Europe avec Tsipras,Lista Tsipras-L'Altra Europa,,EXG,Far left,,,Lista Tsipras-L'Altra Europa,,GUE,European United Left – Nordic Green Left,GUE/NGL,GUE,European United Left – Nordic Green Left,GUE/NGL,
ITA-UDC,Italy,ITA,UDC,Union du centre,Unione di Centro,,DRO,Right,CEN,Center,Unione di Centro,,PPE,European People's Party,EPP,PPE,European People's Party,EPP,
ITA-VIVA,Italy,ITA,VIVA,Italia Viva,Italia Viva,Italy Alive,CEN,Center,,,Italia Viva – Il Centro,,SED,Progressive Alliance of Socialists and Democrats,S&D,,,,
LTU-DK,Lithuania,LTU,DK,La voie du courage ,,,AUT,Others,,,nc,,NI,Non-attached members,NI,NI,Non-attached members,NI,
LTU-DP,Lithuania,LTU,DP,Parti du travail,Darbo partija,,CEN,Center,,,Darbo partija,,RE,Renew Europe,RE,ADLE,Alliance of Liberals and Democrats for Europe,ALDE,
LTU-DSVL,Lithuania,LTU,DSVL,Union des démocrates “Pour la Lituanie”,Demokratų sąjunga “Vardan Lietuvos”,Union of Democrats “For Lithuania”,CEN,Center,,,,,VERTS,Greens/European Free Alliance,Greens/EFA,,,,
LTU-IND,Lithuania,LTU,IND,Indépendants,Independent,Independent,AUT,Others,,,Independent,,NC,Unknown,NC,,,,
LTU-LCP,Lithuania,LTU,LCP,Parti lituanien du centre,Lietuvos Centro Partija,Lithuanian Centre Party,LIB,Liberal,,,,,NC,Unknown,NC,NC,Unknown,NC,
LTU-LLRA,Lithuania,LTU,LLRA,Union populaire des Polonais de Lituanie,Lietuvos lenkų rinkimų akcija – Krikščioniškų šeimų sąjunga,,AUT,Others,,,Lietuvos lenkų rinkimų akcija – Krikščioniškų šeimų sąjunga,,CRE,European Conservatives and Reformists,CRE,CRE,European Conservatives and Reformists,CRE,
LTU-LP,Lithuania,LTU,LP,Parti de la liberté,Laisvės partija,Freedom Party,CEN,Center,,,,,NC,Unknown,NC,NC,Unknown,NC,
LTU-LRLS,Lithuania,LTU,LRLS,Mouvement libéral,Lietuvos Respublikos liberalų sąjūdis,,CEN,Center,LIB,Liberal,Lietuvos Respublikos liberalų sąjūdis,,RE,Renew Europe,RE,ADLE,Alliance of Liberals and Democrats for Europe,ALDE,
LTU-LS,Lithuania,LTU,LS,Mouvement libéral,Liberalų sąjūdis,Liberals' Movement ,CEN,Center,DRO,Right,,,RE,Renew Europe,RE,,,,
LTU-LSDDP,Lithuania,LTU,LSDDP,Parti travailliste social-démocrate de Lituanie ,,,GAU,Left,CEN,Center,nc,,NI,Non-attached members,NI,NI,Non-attached members,NI,
LTU-LSDP,Lithuania,LTU,LSDP,Parti social-démocrate de Lituanie,Lietuvos socialdemokratų partija,,GAU,Left,,,Lietuvos socialdemokratų partija,,SED,Progressive Alliance of Socialists and Democrats,S&D,SED,Progressive Alliance of Socialists and Democrats,S&D,
LTU-LVZS,Lithuania,LTU,LVZS,Union populaire agraire lituanienne,Lietuvos valstiečių ir žaliųjų sąjunga,,ECO,Ecologist,CEN,Center,Lietuvos valstiečių ir žaliųjų sąjunga,,VERTS,Greens/European Free Alliance,Greens/EFA,VERTS,Greens/European Free Alliance,Greens/EFA,
LTU-TSKD,Lithuania,LTU,TSKD,Union pour la Patrie,Tėvynės sąjunga-Lietuvos krikščionys demokratai,,DRO,Right,,,Tėvynės sąjunga-Lietuvos krikščionys demokratai,,PPE,European People's Party,EPP,PPE,European People's Party,EPP,
LTU-TT,Lithuania,LTU,TT,Ordre et Justice,Partija Tvarka ir teisingumas,,EXD,Far right,DSV,Right nationalist,Partija Tvarka ir teisingumas,,NI,Non-attached members,NI,ELDD,Europe of Freedom and Direct Democracy,ELDD,
LTU-VKMA-MT,Lithuania,LTU,VKMA-MT,Comité électoral public “Aušros Maldeikienės”,Visuomeninis rinkimų komitetas „Aušros Maldeikienės traukinys”,,AUT,Others,,,,,PPE,European People's Party,EPP,NC,Unknown,NC,
LUX-ADR,Luxembourg,LUX,ADR,Parti réformiste d’alternative démocratique,,,DRO,Right,DSV,Right nationalist,nc,,CRE,European Conservatives and Reformists,CRE,CRE,European Conservatives and Reformists,CRE,
LUX-CSV,Luxembourg,LUX,CSV,Parti chrétien social luxembourgeois,Parti chrétien social luxembourgeois,,DRO,Right,,,Parti chrétien social luxembourgeois,,PPE,European People's Party,EPP,PPE,European People's Party,EPP,
LUX-DG,Luxembourg,LUX,DG,Déi Gréng - Les Verts,Déi Gréng – Les Verts,,ECO,Ecologist,,,Déi Gréng - Les Verts,,VERTS,Greens/European Free Alliance,Greens/EFA,VERTS,Greens/European Free Alliance,Greens/EFA,
LUX-DL,Luxembourg,LUX,DL,La gauche,,,EXG,Far left,,,nc,,GUE,European United Left – Nordic Green Left,GUE/NGL,GUE,European United Left – Nordic Green Left,GUE/NGL,
LUX-DP,Luxembourg,LUX,DP,Parti démocratique,Parti démocratique,,LIB,Liberal,CEN,Center,Parti démocratique,,RE,Renew Europe,RE,ADLE,Alliance of Liberals and Democrats for Europe,ALDE,
LUX-LSAP,Luxembourg,LUX,LSAP,Parti ouvrier socialiste luxembourgeois,Parti ouvrier socialiste luxembourgeois,,GAU,Left,,,Parti ouvrier socialiste luxembourgeois,,SED,Progressive Alliance of Socialists and Democrats,S&D,SED,Progressive Alliance of Socialists and Democrats,S&D,
LVA-AS,Latvia,LVA,AS,Liste unie,Apvienotais saraksts,United List,CEN,Center,,,,,,,,,,,
LVA-COAL-AP,Latvia,LVA,COAL-AP,Coalition AP!,Latvijas attīstībai + Par!,Coalition AP!,AUT,Others,,,Attīstībai/Par!,,RE,Renew Europe,RE,NC,Unknown,NC,
LVA-COAL-NA,Latvia,LVA,COAL-NA,Coalition nationale,Tēvzemei un Brīvībai/LNNK + Visu Latvijai!,National Coalition,AUT,Others,,,,,CRE,European Conservatives and Reformists,CRE,CRE,European Conservatives and Reformists,CRE,
LVA-GKR,Latvia,LVA,GKR,Honneur de servir Riga !,Gods kalpot Rīgai,Honor to serve Riga,AUT,Others,,,Gods kalpot Rīgai,,SED,Progressive Alliance of Socialists and Democrats,S&D,,,,
LVA-JKP,Latvia,LVA,JKP,Nouveau parti conservateur,,,DRO,Right,,,nc,,NI,Non-attached members,NI,NI,Non-attached members,NI,
LVA-JS,Latvia,LVA,JS,Nouvelle Harmonie,Jaunā Saskaņa,New Harmony,NC,Unknown,,,,,NC,Unknown,NC,NC,Unknown,NC,
LVA-JV,Latvia,LVA,JV,Nouvelle alliance,Jaunā Vienotība,New Unity,DRO,Right,,,,,PPE,European People's Party,EPP,PPE,European People's Party,EPP,
LVA-KPV,Latvia,LVA,KPV,À qui appartient l’État ?,,,DRO,Right,AUT,Others,nc,,NI,Non-attached members,NI,NI,Non-attached members,NI,
LVA-LKS,Latvia,LVA,LKS,Union russe de Lettonie,Latvijas Krievu savienība,,AUT,Others,AUT,Others,Latvijas Krievu savienība,,VERTS,Greens/European Free Alliance,Greens/EFA,VERTS,Greens/European Free Alliance,Greens/EFA,
LVA-LNNK,Latvia,LVA,LNNK,Alliance “Tout pour la Lettonie” et “Mère patrie et liberté LNNK”,"Nacionālā apvienība ""Visu Latvijai!""-""Tēvzemei un Brīvībai/LNNK""","National Alliance ""For All Latvia!"" - ""Fatherland and Freedom / LNNK""",NC,Unknown,,,"Nacionālā apvienība ""Visu Latvijai!""-""Tēvzemei un Brīvībai/LNNK""",,CRE,European Conservatives and Reformists,CRE,CRE,European Conservatives and Reformists,CRE,
LVA-LPV,Latvia,LVA,LPV,Lettonie d'abord,Latvija prēmų mēlā,Latvia First,NC,Unknown,,,,,NI,Non-attached members,NI,,,,
LVA-LRA,Latvia,LVA,LRA,Association lettonne des régions ,,,CEN,Center,,,nc,,PPE,European People's Party,EPP,NI,Non-attached members,NI,
LVA-LZS,Latvia,LVA,LZS,Union des paysants de Lettonie,Latvijas Zemnieku savienība,Latvian Farmers’ Union,CEN,Center,DRO,Right,,,RE,Renew Europe,RE,NC,Unknown,NC,
LVA-NATA,Latvia,LVA,NATA,Alliance nationale,Nacionālā Apvienība,National Alliance,DRO,Right,EXD,Far right,nc,,CRE,European Conservatives and Reformists,CRE,CRE,European Conservatives and Reformists,CRE,
LVA-NSL,Latvia,LVA,NSL,Du cœur pour la Lettonie,,,DRO,Right,,,nc,,NI,Non-attached members,NI,NI,Non-attached members,NI,
LVA-PAR,Latvia,LVA,PAR,Mouvement pour !,,,LIB,Liberal,CEN,Center,nc,,NI,Non-attached members,NI,NI,Non-attached members,NI,
LVA-PRO,Latvia,LVA,PRO,Les Progressifs,The Progressives,Progresīvie,GAU,Left,,,,,VERTS,Greens/European Free Alliance,Greens/EFA,SED,Progressive Alliance of Socialists and Democrats,S&D,
LVA-S,Latvia,LVA,S,Pour la stabilité !,Stabilitātei!,For Stability!,EXD,Far right,,,,,NC,Unknown,NC,NC,Unknown,NC,
LVA-SDPS,Latvia,LVA,SDPS,Parti social-démocrate Harmonie,“Saskaņa” sociāldemokrātiskā partija,Social Democratic Party “Harmony”,GAU,Left,CEN,Center,"""Saskaņa"" sociāldemokrātiskā partija",,SED,Progressive Alliance of Socialists and Democrats,S&D,SED,Progressive Alliance of Socialists and Democrats,S&D,
LVA-V,Latvia,LVA,V,Unité,Vienotība,Unity,DRO,Right,,,"Partija ""VIENOTĪBA""",,PPE,European People's Party,EPP,PPE,European People's Party,EPP,
LVA-ZZS,Latvia,LVA,ZZS,Union des Verts et des Paysans,Zaļo un Zemnieku savienība,,CEN,Center,ECO,Ecologist,Zaļo un Zemnieku savienība,,RE,Renew Europe,RE,ADLE,Alliance of Liberals and Democrats for Europe,ALDE,
MLT-AD,Malta,MLT,AD,Alterntive démocratique ,,,ECO,Ecologist,,,nc,,VERTS,Greens/European Free Alliance,Greens/EFA,VERTS,Greens/European Free Alliance,Greens/EFA,
MLT-IE,Malta,MLT,IE,Moviment Patrijotti Maltin,,Imperium Europa,EXD,Far right,,,,,NC,Unknown,NC,NC,Unknown,NC,
MLT-MPM,Malta,MLT,MPM,Mouvement des Patriotes maltais,,,EXD,Far right,,,nc,,ID,Identity and Democracy,IL,ENL,Europe of Nations and Freedom ,ENL,
MLT-PD,Malta,MLT,PD,Parti démocratique ,,,CEN,Center,,,nc,,RE,Renew Europe,RE,ADLE,Alliance of Liberals and Democrats for Europe,ALDE,
MLT-PL,Malta,MLT,PL,Parti travailliste,Partit Laburista,,GAU,Left,,,Partit Laburista,,SED,Progressive Alliance of Socialists and Democrats,S&D,SED,Progressive Alliance of Socialists and Democrats,S&D,
MLT-PN,Malta,MLT,PN,Parti national,Partit Nazzjonalista,,DRO,Right,,,Partit Nazzjonalista,,PPE,European People's Party,EPP,PPE,European People's Party,EPP,
NC-NC,Unknown,NC,NC,Parti inconnu,Unknown party,,NC,Unknown,,,,,NC,Unknown,NC,,,,
NLD-BBB,Netherlands,NLD,BBB,Mouvement agriculteur-citoyen,BoerBurgerBeweging,,AUT,Others,,,,,PPE,European People's Party,EPP,NC,Unknown,NC,
NLD-CDA,Netherlands,NLD,CDA,L'Appel chrétien-démocrate,Christen Democratisch Appèl,,DRO,Right,LIB,Liberal,Christen Democratisch Appèl,,PPE,European People's Party,EPP,PPE,European People's Party,EPP,
NLD-CU,Netherlands,NLD,CU,Union chrétienne,ChristenUnie,,DRO,Right,,,ChristenUnie,,PPE,European People's Party,EPP,PPE,European People's Party,EPP,
NLD-CU-SGP,Netherlands,NLD,CU-SGP,Union chrétienne - Parti politique réformé,ChristenUnie - Staatkundig Gereformeerde Partij,Christian Union - Reformed Political Party,DRO,Right,,,,,NC,Unknown,NC,NC,Unknown,NC,
NLD-D66,Netherlands,NLD,D66,Démocrates 66,Democraten 66,,LIB,Liberal,ECO,Ecologist,Democraten 66,,RE,Renew Europe,RE,ADLE,Alliance of Liberals and Democrats for Europe,ALDE,
NLD-DENK,Netherlands,NLD,DENK,Denk,,,AUT,Others,,,nc,,NI,Non-attached members,NI,NI,Non-attached members,NI,
NLD-FVD,Netherlands,NLD,FVD,Forum pour la démocratie ,,,EXD,Far right,DSV,Right nationalist,Forum voor Democratie,,CRE,European Conservatives and Reformists,CRE,CRE,European Conservatives and Reformists,CRE,
NLD-GL,Netherlands,NLD,GL,La Gauche verte,GroenLinks,,ECO,Ecologist,GAU,Left,GroenLinks,,VERTS,Greens/European Free Alliance,Greens/EFA,VERTS,Greens/European Free Alliance,Greens/EFA,
NLD-IND,Netherlands,NLD,IND,Indépendants,Independent,Independants,AUT,Others,,,Independent,,NI,Non-attached members,NI,NI,Non-attached members,NI,
NLD-JA21,Netherlands,NLD,JA21,JA21,JA21,JA21,EXD,Far right,,,JA21,,CRE,European Conservatives and Reformists,CRE,NC,Unknown,NC,
NLD-MDD,Netherlands,NLD,MDD,Plus de démocratie,Meer Democratie,More Democraty,DRO,Right,,,Meer Directe Democratie,,CRE,European Conservatives and Reformists,CRE,,,,
NLD-NSC,Netherlands,NLD,NSC,Nouveau contrat social,Nieuw Sociaal Contract,New Social Contract,DRO,Right,CEN,Center,,,PPE,European People's Party,EPP,NC,Unknown,NC,
NLD-P50PLUS,Netherlands,NLD,P50PLUS,50 plus,,,AUT,Others,,,50 PLUS,,PPE,European People's Party,EPP,NI,Non-attached members,NI,
NLD-PVDA,Netherlands,NLD,PVDA,Parti travailliste,Partij van de Arbeid,,GAU,Left,CEN,Center,Partij van de Arbeid,,SED,Progressive Alliance of Socialists and Democrats,S&D,SED,Progressive Alliance of Socialists and Democrats,S&D,
NLD-PVDD,Netherlands,NLD,PVDD,Le parti pour les animaux,Partij voor de Dieren,,AUT,Others,ECO,Ecologist,Partij voor de Dieren,,GUE,European United Left – Nordic Green Left,GUE/NGL,GUE,European United Left – Nordic Green Left,GUE/NGL,
NLD-PVV,Netherlands,NLD,PVV,Parti pour la Liberté,Partij voor de Vrijheid,,EXD,Far right,DSV,Right nationalist,Partij voor de Vrijheid,,ID,Identity and Democracy,IL,ENL,Europe of Nations and Freedom ,ENL,
NLD-SGP,Netherlands,NLD,SGP,Parti politique réformé,Staatkundig Gereformeerde Partij,,EXD,Far right,,,Staatkundig Gereformeerde Partij,,NC,Unknown,NC,CRE,European Conservatives and Reformists,CRE,
NLD-SP,Netherlands,NLD,SP,Parti socialiste,Socialistische Partij,,GAU,Left,EXG,Far left,Socialistische Partij,,GUE,European United Left – Nordic Green Left,GUE/NGL,GUE,European United Left – Nordic Green Left,GUE/NGL,
NLD-VVD,Netherlands,NLD,VVD,Parti populaire libéral et démocrate,Volkspartij voor Vrijheid en Democratie,,LIB,Liberal,LIB,Liberal,Volkspartij voor Vrijheid en Democratie,,RE,Renew Europe,RE,ADLE,Alliance of Liberals and Democrats for Europe,ALDE,
POL-2050,Poland,POL,2050,Pologne 2050,Polska 2050,Poland 2050,CEN,Center,,,Polska 2050,,RE,Renew Europe,RE,,,,
POL-AGRO,Poland,POL,AGRO,Agrounia,Agrounia,Agrounia,GAU,Left,,,,,NC,Unknown,NC,NC,Unknown,NC,
POL-BEZA,Poland,POL,BEZA,Non-partisans,Bezpartyjna,,NC,Unknown,,,Bezpartyjna,,SED,Progressive Alliance of Socialists and Democrats,S&D,SED,Progressive Alliance of Socialists and Democrats,S&D,
POL-BEZY,Poland,POL,BEZY,Non-partisans,Bezpartyjny,,NC,Unknown,,,Bezpartyjny,,NI,Non-attached members,NI,NI,Non-attached members,NI,
POL-IND,Poland,POL,IND,Indépendants,Niezależny,,NC,Unknown,,,Independent,Niezależny,CRE,European Conservatives and Reformists,CRE,CRE,European Conservatives and Reformists,CRE,
POL-IPL,Poland,POL,IPL,Initiative polonaise,Inicjatywa Polska,Inicjatywa Polska,GAU,Left,,,,,NC,Unknown,NC,NC,Unknown,NC,
POL-KE,Poland,POL,KE,Coalition pour l’Europe,Koalicja Europejska,European Coalition,CEN,Center,,,,,NC,Unknown,NC,NC,Unknown,NC,
POL-KKP,Poland,POL,KKP,Confédération de la couronne polonaise,Konfederacja Korony Polskiej,Confederation of the Polish Crown,EXD,Far right,,,,,ID,Identity and Democracy,IL,NC,Unknown,NC,
POL-KNP,Poland,POL,KNP,Congrès de la Nouvelle droite,Kongres Nowej Prawicy,,EXD,Far right,DSV,Right nationalist,Kongres Nowej Prawicy,,ID,Identity and Democracy,IL,ENL,Europe of Nations and Freedom ,ENL,
POL-KO,Poland,POL,KO,Confédération Korwin-Braun-Liroy-Narodowcy,Konfederacja Korwin-Braun-Liroy-Narodowcy,,NC,Unknown,,,,,NC,Unknown,NC,NC,Unknown,NC,
POL-KUKIZ15,Poland,POL,KUKIZ15,Kukiz 15,,,DRO,Right,AUT,Others,nc,,NI,Non-attached members,NI,ELDD,Europe of Freedom and Direct Democracy,ELDD,
POL-LEWICA,Poland,POL,LEWICA,La Gauche,Lewica,The Left,GAU,Left,,,,,NC,Unknown,NC,NC,Unknown,NC,
POL-LIB,Poland,POL,LIB,Liberté,,,EXD,Far right,DSV,Right nationalist,nc,,NI,Non-attached members,NI,NI,Non-attached members,NI,
POL-LR,Poland,POL,LR,La Gauche ensemble,Lewica Razem,Left Together,GAU,Left,,,,,NC,Unknown,NC,NC,Unknown,NC,
POL-N,Poland,POL,N,Moderne,Nowoczesna,Modern,DRO,Right,LIB,Liberal,nc,,RE,Renew Europe,RE,NI,Non-attached members,NI,
POL-NL,Poland,POL,NL,Nouvelle Gauche,Nowa Lewica,New Left,GAU,Left,CEN,Center,Nowa Lewica,,SED,Progressive Alliance of Socialists and Democrats,S&D,,,,
POL-NN,Poland,POL,NN,Nouvel espoir,Nowa Nadzieja,New hope,EXD,Far right,,,,,NI,Non-attached members,NI,NC,Unknown,NC,
POL-ORP,Poland,POL,ORP,Renaissance de la République de Pologne,OdNowa Rzeczypospolitej Polskiej,Renewal of the Republic of Poland,DRO,Right,,,,,NC,Unknown,NC,NC,Unknown,NC,
POL-PIS,Poland,POL,PIS,Droit et justice ,Prawo i Sprawiedliwość,,EXD,Far right,EXD,Far right,Prawo i Sprawiedliwość,,CRE,European Conservatives and Reformists,CRE,CRE,European Conservatives and Reformists,CRE,
POL-PO,Poland,POL,PO,Plateforme civique,Platforma Obywatelska,,DRO,Right,CEN,Center,Platforma Obywatelska,,PPE,European People's Party,EPP,PPE,European People's Party,EPP,
POL-PRG,Poland,POL,PRG,Droite de la République,Prawica Rzeczypospolitej,,EXD,Far right,,,Prawica Rzeczypospolitej,,CRE,European Conservatives and Reformists,CRE,CRE,European Conservatives and Reformists,CRE,
POL-PSL,Poland,POL,PSL,Parti paysan polonais,Polskie Stronnictwo Ludowe,,DRO,Right,,,Polskie Stronnictwo Ludowe,,PPE,European People's Party,EPP,PPE,European People's Party,EPP,
POL-PZ,Poland,POL,PZ,Les Verts,The Greens,Zieloni,ECO,Ecologist,,,,,VERTS,Greens/European Free Alliance,Greens/EFA,NC,Unknown,NC,
POL-RAS,Poland,POL,RAS,Mouvement pour l'autonomie de la Silésie,Ruch Autonomii Śląska,"Silesian Autonomy Movemen
",AUT,Others,,,,,VERTS,Greens/European Free Alliance,Greens/EFA,NC,Unknown,NC,
POL-RAZ,Poland,POL,RAZ,Ensemble,Partia Razem,,GAU,Left,,,nc,,NC,Unknown,NC,NC,Unknown,NC,
POL-REP,Poland,POL,REP,Les Républicains,Partia Republikańska,The Republicans,DRO,Right,,,Partia Republikańska,,CRE,European Conservatives and Reformists,CRE,,,,
POL-RN,Poland,POL,RN,Mouvement national,Ruch Narodowy,National Movement,EXD,Far right,,,,,NI,Non-attached members,NI,NC,Unknown,NC,
POL-SLD,Poland,POL,SLD,Alliance de la gauche démocratique,Sojusz Lewicy Demokratycznej,,GAU,Left,,,Sojusz Lewicy Demokratycznej,,SED,Progressive Alliance of Socialists and Democrats,S&D,SED,Progressive Alliance of Socialists and Democrats,S&D,
POL-SLD-UP,Poland,POL,SLD-UP,Alliance de la gauche démocratique - Union du travail,Sojusz Lewicy Demokratycznej – Unia Pracy,,GAU,Left,,,Sojusz Lewicy Demokratycznej - Unia Pracy,,SED,Progressive Alliance of Socialists and Democrats,S&D,SED,Progressive Alliance of Socialists and Democrats,S&D,
POL-SOP,Poland,POL,SOP,Pologne solidaire,Solidarna Polska,United Poland,DRO,Right,,,Solidarna Polska Zbigniewa Ziobro,,CRE,European Conservatives and Reformists,CRE,,,,
POL-SUP,Poland,POL,SUP,Pologne souveraine,Suwerenna Polska,Sovereign Poland,EXD,Far right,,,Suwerenna Polska,,CRE,European Conservatives and Reformists,CRE,NC,Unknown,NC,
POL-TD,Poland,POL,TD,Troisième voie,Trzecia Droga,Third Way,DRO,Right,CEN,Center,,,NC,Unknown,NC,NC,Unknown,NC,
POL-UP,Poland,POL,UP,Union du travail,Unia Pracy,,GAU,Left,,,Unia Pracy,,SED,Progressive Alliance of Socialists and Democrats,S&D,SED,Progressive Alliance of Socialists and Democrats,S&D,
POL-WIOSNA,Poland,POL,WIOSNA,Printemps,Wiosna,Spring,LIB,Liberal,,,Wiosna,,SED,Progressive Alliance of Socialists and Democrats,S&D,NI,Non-attached members,NI,
POL-WOL,Poland,POL,WOL,Liberté,Wolność,,DRO,Right,,,Wolność,,NI,Non-attached members,NI,NI,Non-attached members,NI,
PRT-A,Portugal,PRT,A,Alliance,Aliança,Alliance,DRO,Right,,,,,NC,Unknown,NC,NC,Unknown,NC,
PRT-BE,Portugal,PRT,BE,Bloc de gauche,Bloco de Esquerda,,EXG,Far left,ECO,Ecologist,Bloco de Esquerda,,GUE,European United Left – Nordic Green Left,GUE/NGL,GUE,European United Left – Nordic Green Left,GUE/NGL,
PRT-CDSPP,Portugal,PRT,CDSPP,CDS - Parti populaire ,,,DRO,Right,,,nc,,PPE,European People's Party,EPP,PPE,European People's Party,EPP,
PRT-CDU,Portugal,PRT,CDU,Coalition démocratique unitaire ,,,EXG,Far left,ECO,Ecologist,nc,,GUE,European United Left – Nordic Green Left,GUE/NGL,GUE,European United Left – Nordic Green Left,GUE/NGL,
PRT-CHEGA,Portugal,PRT,CHEGA,Chega !,Chega !,Chega !,EXD,Far right,,,,,ID,Identity and Democracy,IL,,,,
PRT-IL,Portugal,PRT,IL,Initiative libérale,Iniciativa Liberal,Liberal Initiative,CEN,Center,DRO,Right,,,RE,Renew Europe,RE,NC,Unknown,NC,
PRT-IND,Portugal,PRT,IND,Indépendants,Independente,Independants,AUT,Others,,,Independente,,NI,Non-attached members,NI,NI,Non-attached members,NI,
PRT-PAF,Portugal,PRT,PAF,[Parti inconnu],,,NC,Unknown,,,nc,,NI,Non-attached members,NI,NI,Non-attached members,NI,
PRT-PAN,Portugal,PRT,PAN,Personnes Animaux Nature ,Pessoas Animais Natureza,,AUT,Others,ECO,Ecologist,Pessoas-Animais-Natureza,,VERTS,Greens/European Free Alliance,Greens/EFA,NI,Non-attached members,NI,
PRT-PCDS-PP,Portugal,PRT,PCDS-PP,Parti du centre démocratique – Parti populaire,Partido do Centro Democrático Social-Partido Popular,Center Democratic Party – Popular Party,DRO,Right,,,Partido do Centro Democrático Social-Partido Popular,,PPE,European People's Party,EPP,,,,
PRT-PCP,Portugal,PRT,PCP,Parti communiste portugais,Partido Comunista Português,,EXG,Far left,,,Partido Comunista Português,,GUE,European United Left – Nordic Green Left,GUE/NGL,GUE,European United Left – Nordic Green Left,GUE/NGL,
PRT-PDR,Portugal,PRT,PDR,Parti démocrate républicain,Partido Democrático Republicano,,LIB,Liberal,,,Partido Democrático Republicano,,RE,Renew Europe,RE,ADLE,Alliance of Liberals and Democrats for Europe,ALDE,
PRT-PPDPSD,Portugal,PRT,PPDPSD,Parti social-démocrate,Partido Social Democrata,,DRO,Right,,,Partido Social Democrata,,PPE,European People's Party,EPP,PPE,European People's Party,EPP,
PRT-PS,Portugal,PRT,PS,Parti socialiste,Partido Socialista,,GAU,Left,,,Partido Socialista,,SED,Progressive Alliance of Socialists and Democrats,S&D,SED,Progressive Alliance of Socialists and Democrats,S&D,
PRT-PT,Portugal,PRT,PT,Parti de la Terre,Partido da Terra,,CEN,Center,,,Partido da Terra,,PPE,European People's Party,EPP,PPE,European People's Party,EPP,
ROU-ALDERO,Romania,ROU,ALDERO,Alliance des libéraux et démocrates,ALDE Romania,,LIB,Liberal,CEN,Center,ALDE Romania,,RE,Renew Europe,RE,ADLE,Alliance of Liberals and Democrats for Europe,ALDE,
ROU-AUR,Romania,ROU,AUR,Alliance pour l'unité des Roumains,Alianța pentru Unirea Românilo,Alianța pentru Unirea Românilo,EXD,Far right,,,,,CRE,European Conservatives and Reformists,CRE,NC,Unknown,NC,
ROU-FD,Romania,ROU,FD,Force de la droite,Forța Dreptei,Force of the Right,DRO,Right,,,,,PPE,European People's Party,EPP,NC,Unknown,NC,
ROU-IND,Romania,ROU,IND,Indépendants,,,NC,Unknown,,,,,NC,Unknown,NC,NC,Unknown,NC,
ROU-PLR,Romania,ROU,PLR,Parti libéral réformateur,,,NC,Unknown,,,nc,,NI,Non-attached members,NI,NI,Non-attached members,NI,
ROU-PLUS,Romania,ROU,PLUS,"Parti de la liberté, de l'unité et de la solidarité","Partidul Libertății, Unității și Solidarității","Freedom, Unity and Solidarity Party",CEN,Center,DRO,Right,"Partidul Libertate, Unitate și Solidaritate",,RE,Renew Europe,RE,,,,
ROU-PLUS,Romania,ROU,PLUS,"Parti de la liberté, de l'unité et de la solidarité","Partidul Libertății, Unității și Solidarității","Freedom, Unity and Solidarity Party",CEN,Center,,,,,RE,Renew Europe,RE,,,,
ROU-PMP,Romania,ROU,PMP,Parti Mouvement populaire ,Partidul Mișcarea Populară,,DRO,Right,LIB,Liberal,Partidul Mișcarea Populară,,PPE,European People's Party,EPP,PPE,European People's Party,EPP,
ROU-PNCR,Romania,ROU,PNCR,Parti national conservateur roumain,,,AUT,Others,,,PARTIDULUI NAȚIONAL CONSERVATOR ROMÂN (PNCR),,CRE,European Conservatives and Reformists,CRE,NC,Unknown,NC,
ROU-PNL,Romania,ROU,PNL,Parti national libéral,Partidul Naţional Liberal,,LIB,Liberal,DRO,Right,Partidul Naţional Liberal,,PPE,European People's Party,EPP,PPE,European People's Party,EPP,
ROU-PNTCD,Romania,ROU,PNTCD,Parti national paysan chrétien-démocrate,Partidul Național Țărănesc Creștin Democrat,,DRO,Right,CEN,Center,nc,,PPE,European People's Party,EPP,PPE,European People's Party,EPP,
ROU-PNTCD,Romania,ROU,PNTCD,Parti national paysan chrétien-démocrate,Partidul Național Țărănesc Creștin Democrat,Christian Democratic National Peasants’ Party,DRO,Right,,,Partidul Național Țărănesc Creștin Democrat,,CRE,European Conservatives and Reformists,CRE,NC,Unknown,NC,
ROU-PPU,Romania,ROU,PPU,Parti du pouvoir humaniste,Partidul Puterii Umaniste,,GAU,Left,,,Partidul Puterii Umaniste,,SED,Progressive Alliance of Socialists and Democrats,S&D,SED,Progressive Alliance of Socialists and Democrats,S&D,
ROU-PRM,Romania,ROU,PRM,Parti de la Grande Roumanie,Partidul România Mare,,EXD,Far right,,,nc,,NC,Unknown,NC,NC,Unknown,NC,
ROU-PRO,Romania,ROU,PRO,Pour la Roumanie,,,CEN,Center,,,PRO Romania,,SED,Progressive Alliance of Socialists and Democrats,S&D,ADLE,Alliance of Liberals and Democrats for Europe,ALDE,
ROU-PRU,Romania,ROU,PRU,Parti Roumanie unie,Partidul România Unită,,EXD,Far right,,,nc,,NC,Unknown,NC,NC,Unknown,NC,
ROU-PSD,Romania,ROU,PSD,Parti social démocrate,Partidul Social Democrat,,GAU,Left,,,Partidul Social Democrat,,SED,Progressive Alliance of Socialists and Democrats,S&D,SED,Progressive Alliance of Socialists and Democrats,S&D,
ROU-PUSL,Romania,ROU,PUSL,Parti humaniste social-libéral,Partidul Umanist Social Liberal,Social Liberal Humanist Party,CEN,Center,GAU,Left,PUSL,,SED,Progressive Alliance of Socialists and Democrats,S&D,NC,Unknown,NC,
ROU-REPER,Romania,ROU,REPER,Renouveler le projet européen de la Roumanie,Reînnoim Proiectul European al României,Renewing Romania's European Project,CEN,Center,,,Reper,,RE,Renew Europe,RE,,,,
ROU-ROPLUS,Romania,ROU,ROPLUS,Roumanie Plus ,,,CEN,Center,,,nc,,RE,Renew Europe,RE,ADLE,Alliance of Liberals and Democrats for Europe,ALDE,
ROU-SOS,Romania,ROU,SOS,SOS Roumanie,SOS România,SOS Romania,EXD,Far right,,,,,ID,Identity and Democracy,IL,NC,Unknown,NC,
ROU-UDMR,Romania,ROU,UDMR,Union démocrate magyare de Roumanie,Uniunea Democrată Maghiară din România,,AUT,Others,DRO,Right,Uniunea Democrată Maghiară din România,,PPE,European People's Party,EPP,PPE,European People's Party,EPP,
ROU-USR,Romania,ROU,USR,Sauver la Roumanie,Uniunea Salvați România,Save Romania,AUT,Others,,,Uniunea Salvați România,Uniunea Salvați România,RE,Renew Europe,RE,NI,Non-attached members,NI,
ROU-USRPLUS,Romania,ROU,USRPLUS,Alliance Sauver la Roumanie et Plus,Uniunea Salvați România + PLUS,Save Romania and Plus,LIB,Liberal,,,USR-PLUS,,RE,Renew Europe,RE,ADLE,Alliance of Liberals and Democrats for Europe,ALDE,
SVK-D,Slovakia,SVK,D,Démocrates,Demokrati,Democrats,CEN,Center,DRO,Right,Slovakia – Demokrati,,PPE,European People's Party,EPP,,,,
SVK-HLAS,Slovakia,SVK,HLAS,Hlas – Social-démocratie,Hlas – sociálna demokracia,Voice – Social Democracy,GAU,Left,,,,,SED,Progressive Alliance of Socialists and Democrats,S&D,NC,Unknown,NC,
SVK-IND,Slovakia,SVK,IND,Indépendants,Independent,Independent,AUT,Others,,,Independent,,NC,Unknown,NC,,,,
SVK-KDH,Slovakia,SVK,KDH,Mouvement chrétien-démocrate,Kresťanskodemokratické hnutie,,DRO,Right,,,Kresťanskodemokratické hnutie,,PPE,European People's Party,EPP,PPE,European People's Party,EPP,
SVK-KOTLEBA_LSNS,Slovakia,SVK,KOTLEBA_LSNS,Parti populaire - Notre Slovaquie,,,EXD,Far right,,,Kotleba – Ľudová strana Naše Slovensko,,NI,Non-attached members,NI,ELDD,Europe of Freedom and Direct Democracy,ELDD,
SVK-MOST_HID,Slovakia,SVK,MOST_HID,Pont,MOST – HÍD,,CEN,Center,,,MOST - HÍD,,PPE,European People's Party,EPP,PPE,European People's Party,EPP,
SVK-NOVA,Slovakia,SVK,NOVA,Nouvelle majorité,NOVA,,DRO,Right,,,NOVA,,CRE,European Conservatives and Reformists,CRE,CRE,European Conservatives and Reformists,CRE,
SVK-OLANO,Slovakia,SVK,OLANO,Les gens ordinaires et personnalités indépendantes,OBYČAJNÍ ĽUDIA,,DRO,Right,,,OBYČAJNÍ ĽUDIA,,PPE,European People's Party,EPP,CRE,European Conservatives and Reformists,CRE,
SVK-OLANO-NOVA,Slovakia,SVK,OLANO-NOVA,Les gens ordinaires et personnalités indépendantes - Nouvelle majorité,Obyčajní ľudia a nezávislé osobnosti,Ordinary People,DRO,Right,,,Obyčajní ľudia a nezávislé osobnosti,,PPE,European People's Party,EPP,CRE,European Conservatives and Reformists,CRE,
SVK-P,Slovakia,SVK,P,Patriote slovaque,Slovak Patriot,Slovac Patriot,DRO,Right,,,Slovak PATRIOT,,NI,Non-attached members,NI,,,,
SVK-PS,Slovakia,SVK,PS,Slovaquie progressiste,,,CEN,Center,,,Progresívne Slovensko,,RE,Renew Europe,RE,NC,Unknown,NC,
SVK-PSSPOLU,Slovakia,SVK,PSSPOLU,Slovaquie progressiste et Ensemble,Progresívne Slovensko + Spolu,Progressive Slovakia and Together,CEN,Center,,,,,NC,Unknown,NC,ADLE,Alliance of Liberals and Democrats for Europe,ALDE,
SVK-R,Slovakia,SVK,R,République,Republika,Republic,EXD,Far right,,,Hnutie Republika,,NI,Non-attached members,NI,,,,
SVK-SAS,Slovakia,SVK,SAS,Liberté et Solidarité,Sloboda a Solidarita,,LIB,Liberal,DSV,Right nationalist,Sloboda a Solidarita,,CRE,European Conservatives and Reformists,CRE,CRE,European Conservatives and Reformists,CRE,
SVK-SME-RODINA,Slovakia,SVK,SME-RODINA,Nous sommes une famille ,,,DRO,Right,,,nc,,ID,Identity and Democracy,IL,ENL,Europe of Nations and Freedom ,ENL,
SVK-SMER-SD,Slovakia,SVK,SMER-SD,Direction – Social-démocratie,SMER – Sociálna demokracia,,NC,Unknown,,,SMER-Sociálna demokracia,,NI,Non-attached members,NI,SED,Progressive Alliance of Socialists and Democrats,S&D,
SVK-SMK-MKP,Slovakia,SVK,SMK-MKP,Parti de la communauté hongroise,Strana mad'arskej komunity- Magyar Közösség Pártja,,DRO,Right,,,Strana mad'arskej komunity- Magyar Közösség Pártja,,PPE,European People's Party,EPP,PPE,European People's Party,EPP,
SVK-SNS,Slovakia,SVK,SNS,Parti national slovaque,,,EXD,Far right,DSV,Right nationalist,nc,,NC,Unknown,NC,ELDD,Europe of Freedom and Direct Democracy,ELDD,
SVK-SPOLU,Slovakia,SVK,SPOLU,Ensemble - Démocratie civique,,,DRO,Right,,,SPOLU – občianska demokracia,,PPE,European People's Party,EPP,PPE,European People's Party,EPP,
SVK-Z,Slovakia,SVK,Z,Vie – Parti national,Život – národná strana,Life – National Party,EXD,Far right,,,,,NC,Unknown,NC,NC,Unknown,NC,
SVN-DESUS,Slovenia,SVN,DESUS,Parti démocrate des retraités slovènes,DeSUS – Demokratična Stranka Upokojencev Slovenije,,AUT,Others,CEN,Center,DeSUS - Demokratična Stranka Upokojencev Slovenije,,RE,Renew Europe,RE,ADLE,Alliance of Liberals and Democrats for Europe,ALDE,
SVN-GS,Slovenia,SVN,GS,Mouvement pour la liberté,Gibanje Svoboda,Freedom Movement,CEN,Center,GAU,Left,GS,,RE,Renew Europe,RE,,,,
SVN-LEVICA,Slovenia,SVN,LEVICA,La Gauche,Levica,The Left,EXG,Far left,,,nc,,GUE,European United Left – Nordic Green Left,GUE/NGL,GUE,European United Left – Nordic Green Left,GUE/NGL,
SVN-LIS,Slovenia,SVN,LIS,Liste Igorja Soltesa,Lista dr. Igorja Šoltesa,List of Dr. Igor Sholtes,NC,Unknown,,,Lista dr. Igorja Šoltesa,,VERTS,Greens/European Free Alliance,Greens/EFA,VERTS,Greens/European Free Alliance,Greens/EFA,
SVN-LMS,Slovenia,SVN,LMS,La liste de Marjan Sarec,Lista Marjana Šarca,,GAU,Left,LIB,Liberal,Lista Marjana Šarca,,RE,Renew Europe,RE,NI,Non-attached members,NI,
SVN-NSI,Slovenia,SVN,NSI,Nouvelle Slovénie - Parti chrétien populaire,Nova Slovenija – Krščanski demokrati,,DRO,Right,CEN,Center,Nova Slovenija – Krščanski demokrati,,PPE,European People's Party,EPP,PPE,European People's Party,EPP,
SVN-PAB,Slovenia,SVN,PAB,Le parti d’Alenka Bratusek ,,,CEN,Center,LIB,Liberal,nc,,RE,Renew Europe,RE,ADLE,Alliance of Liberals and Democrats for Europe,ALDE,
SVN-PPS,Slovenia,SVN,PPS,Parti pirate de Slovénie,,,AUT,Others,,,nc,,NI,Non-attached members,NI,NI,Non-attached members,NI,
SVN-PS,Slovenia,SVN,PS,Slovénie positive,,,CEN,Center,GAU,Left,nc,,NI,Non-attached members,NI,NI,Non-attached members,NI,
SVN-SD,Slovenia,SVN,SD,Sociaux-démocrates,Socialni demokrati,,GAU,Left,,,Socialni demokrati,,SED,Progressive Alliance of Socialists and Democrats,S&D,SED,Progressive Alliance of Socialists and Democrats,S&D,
SVN-SDS,Slovenia,SVN,SDS,Parti démocratique slovène,Slovenska demokratska stranka,,DRO,Right,,,Slovenska demokratska stranka,,PPE,European People's Party,EPP,PPE,European People's Party,EPP,
SVN-SDSSLS,Slovenia,SVN,SDSSLS,Parti démocratique slovène / Parti populaire slovène,Slovenska demokratska stranka / Slovenska ljudska stranka,,DRO,Right,,,,,PPE,European People's Party,EPP,PPE,European People's Party,EPP,
SVN-SLS,Slovenia,SVN,SLS,Parti populaire slovène,Slovenska ljudska stranka,,DRO,Right,,,Slovenska ljudska stranka,,PPE,European People's Party,EPP,PPE,European People's Party,EPP,
SVN-SMC,Slovenia,SVN,SMC,Parti du centre moderne,,,CEN,Center,,,nc,,RE,Renew Europe,RE,ADLE,Alliance of Liberals and Democrats for Europe,ALDE,
SVN-SNS,Slovenia,SVN,SNS,Parti national slovène,,,EXD,Far right,,,nc,,NI,Non-attached members,NI,NI,Non-attached members,NI,
SVN-ZL,Slovenia,SVN,ZL,Gauche Unie,,,EXG,Far left,DSV,Right nationalist,nc,,GUE,European United Left – Nordic Green Left,GUE/NGL,GUE,European United Left – Nordic Green Left,GUE/NGL,
SWE-C,Sweden,SWE,C,Parti du centre,Centerpartiet,,LIB,Liberal,CEN,Center,Centerpartiet,,RE,Renew Europe,RE,ADLE,Alliance of Liberals and Democrats for Europe,ALDE,
SWE-FI,Sweden,SWE,FI,Initiative féministe ,Feministiskt initiativ,,AUT,Others,,,Feministiskt initiativ,,NI,Non-attached members,NI,NI,Non-attached members,NI,
SWE-KD,Sweden,SWE,KD,Chrétiens démocrates,Kristdemokraterna,,DRO,Right,,,Kristdemokraterna,,PPE,European People's Party,EPP,PPE,European People's Party,EPP,
SWE-L,Sweden,SWE,L,Les Libéraux,Liberalerna,,LIB,Liberal,LIB,Liberal,Liberalerna,,RE,Renew Europe,RE,ADLE,Alliance of Liberals and Democrats for Europe,ALDE,
SWE-M,Sweden,SWE,M,Parti modéré de rassemblement,Moderata samlingspartiet,,DRO,Right,,,Moderaterna,,PPE,European People's Party,EPP,PPE,European People's Party,EPP,
SWE-MP,Sweden,SWE,MP,Parti de l'environnement - Les Verts,Miljöpartiet de gröna,,ECO,Ecologist,,,Miljöpartiet de gröna,,VERTS,Greens/European Free Alliance,Greens/EFA,VERTS,Greens/European Free Alliance,Greens/EFA,
SWE-PP,Sweden,SWE,PP,Parti pirate de Suède,Piratpartiet,Pirate Party,NC,Unknown,,,,,NC,Unknown,NC,NC,Unknown,NC,
SWE-S,Sweden,SWE,S,Parti social-démocrate suédois des travailleurs,Arbetarepartiet – Socialdemokraterna,,GAU,Left,,,Arbetarepartiet- Socialdemokraterna,,SED,Progressive Alliance of Socialists and Democrats,S&D,SED,Progressive Alliance of Socialists and Democrats,S&D,
SWE-SD,Sweden,SWE,SD,Démocrates suédois,Sverigedemokraterna,,EXD,Far right,DSV,Right nationalist,Sverigedemokraterna,,CRE,European Conservatives and Reformists,CRE,CRE,European Conservatives and Reformists,CRE,
SWE-V,Sweden,SWE,V,Parti de gauche,Vänsterpartiet,,EXG,Far left,GAU,Left,Vänsterpartiet,,GUE,European United Left – Nordic Green Left,GUE/NGL,GUE,European United Left – Nordic Green Left,GUE/NGL,